usage_id,customer_id,usage_date,feature,active_users,devices_in_scope
USG-000001,CUST-0123,2026-05-25,Device Fleet,40,43
USG-000002,CUST-0037,2026-07-27,Vendor Management,11,13
USG-000003,CUST-0144,2026-02-13,Orders,63,76
USG-000004,CUST-0064,2026-01-22,Orders,52,79
USG-000005,CUST-0122,2026-05-14,Vendor Management,73,98
USG-000006,CUST-0060,2026-01-16,Marketplace,64,33
USG-000007,CUST-0106,2026-03-21,Vendor Management,44,107
USG-000008,CUST-0039,2026-01-10,Employee Offboarding,73,77
USG-000009,CUST-0105,2026-08-12,Device Fleet,35,89
USG-000010,CUST-0054,2026-07-13,IT Support,63,70
USG-000011,CUST-0128,2026-03-22,Vendor Management,31,42
USG-000012,CUST-0119,2026-07-01,Asset Audit,66,72
USG-000013,CUST-0021,2026-08-24,Device Fleet,55,90
USG-000014,CUST-0020,2026-04-07,Orders,2,21
USG-000015,CUST-0134,2026-07-11,Device Fleet,22,26
USG-000016,CUST-0113,2026-08-11,Device Fleet,5,114
USG-000017,CUST-0109,2026-05-07,Orders,68,63
USG-000018,CUST-0036,2026-07-11,Marketplace,71,54
USG-000019,CUST-0103,2026-01-03,Employee Offboarding,16,56
USG-000020,CUST-0076,2026-07-04,Vendor Management,35,67
USG-000021,CUST-0083,2026-06-07,Employee Offboarding,73,84
USG-000022,CUST-0043,2026-02-06,Employee Offboarding,67,88
USG-000023,CUST-0053,2026-07-25,IT Support,48,67
USG-000024,CUST-0065,2026-05-01,Asset Audit,27,120
USG-000025,CUST-0085,2026-08-26,Vendor Management,18,22
USG-000026,CUST-0135,2026-07-03,Marketplace,61,2
USG-000027,CUST-0082,2026-04-17,Orders,20,61
USG-000028,CUST-0018,2026-01-02,Employee Offboarding,25,26
USG-000029,CUST-0025,2026-05-18,Asset Audit,43,13
USG-000030,CUST-0016,2026-06-09,Asset Audit,77,21
USG-000031,CUST-0018,2026-03-31,Vendor Management,72,114
USG-000032,CUST-0058,2026-03-30,Vendor Management,2,119
USG-000033,CUST-0050,2026-03-12,Employee Offboarding,55,75
USG-000034,CUST-0079,2026-04-05,IT Support,52,120
USG-000035,CUST-0066,2026-05-24,IT Support,26,10
USG-000036,CUST-0040,2026-01-27,Vendor Management,28,36
USG-000037,CUST-0046,2026-03-09,IT Support,14,17
USG-000038,CUST-0134,2026-05-31,Vendor Management,50,43
USG-000039,CUST-9999,2026-07-17,Marketplace,76,78
USG-000040,CUST-0071,2026-07-26,Vendor Management,79,86
USG-000041,CUST-0122,2026-02-23,Orders,1,101
USG-000042,CUST-0060,2026-02-25,Device Fleet,79,19
USG-000043,CUST-0037,2026-02-12,Asset Audit,1,42
USG-000044,CUST-0020,2026-08-18,Device Fleet,18,66
USG-000045,CUST-0113,2026-04-19,Vendor Management,61,42
USG-000046,CUST-0078,2026-05-09,Marketplace,16,31
USG-000047,CUST-0144,2026-04-11,Asset Audit,50,91
USG-000048,CUST-0122,2026-04-01,Employee Offboarding,67,41
USG-000049,CUST-0136,2026-01-21,IT Support,28,22
USG-000050,CUST-0072,2026-07-02,Orders,56,72
USG-000051,CUST-0114,2026-05-06,Vendor Management,33,88
USG-000052,CUST-0031,2026-05-23,Asset Audit,45,23
USG-000053,CUST-0007,2026-08-10,Employee Offboarding,60,99
USG-000054,CUST-0089,2026-07-06,Asset Audit,28,79
USG-000055,CUST-0144,2026-08-13,Orders,49,48
USG-000056,CUST-0046,2026-08-27,Vendor Management,2,26
USG-000057,CUST-0114,2026-04-03,IT Support,25,1
USG-000058,CUST-0080,2026-03-26,Device Fleet,48,118
USG-000059,CUST-0065,2026-05-09,Device Fleet,78,35
USG-000060,CUST-0009,2026-06-15,Employee Offboarding,62,51
USG-000061,CUST-0012,2026-06-28,Vendor Management,33,36
USG-000062,CUST-0015,2026-05-27,Marketplace,4,111
USG-000063,CUST-0121,2026-06-05,Vendor Management,59,63
USG-000064,CUST-0045,2026-05-02,Vendor Management,70,104
USG-000065,CUST-0027,2026-01-10,Employee Offboarding,4,79
USG-000066,CUST-0040,2026-06-30,Vendor Management,23,112
USG-000067,CUST-0034,2026-01-22,Asset Audit,16,8
USG-000068,CUST-0114,2026-06-13,Vendor Management,8,41
USG-000069,CUST-0025,2026-08-08,IT Support,36,110
USG-000070,CUST-0050,2026-06-17,IT Support,3,43
USG-000071,CUST-0082,2026-08-18,Vendor Management,22,116
USG-000072,CUST-0094,2026-05-13,Device Fleet,52,54
USG-000073,CUST-0016,2026-01-17,Orders,65,19
USG-000074,CUST-0069,2026-01-22,Orders,57,6
USG-000075,CUST-0071,2026-06-05,Orders,65,53
USG-000076,CUST-0045,2026-06-12,Vendor Management,1,40
USG-000077,CUST-0071,2026-05-24,Employee Offboarding,16,44
USG-000078,CUST-0120,2026-05-26,Marketplace,12,73
USG-000079,CUST-0119,2026-01-23,Device Fleet,12,24
USG-000080,CUST-0023,2026-02-17,Employee Offboarding,76,81
USG-000081,CUST-0006,2026-07-16,Orders,2,28
USG-000082,CUST-0096,2026-04-28,Device Fleet,32,40
USG-000083,CUST-0049,2026-07-11,Marketplace,17,40
USG-000084,CUST-0014,2026-04-08,Vendor Management,37,23
USG-000085,CUST-0072,2026-02-05,IT Support,41,53
USG-000086,CUST-0058,2026-08-02,Orders,35,114
USG-000087,CUST-0052,2026-02-15,Employee Offboarding,34,90
USG-000088,CUST-0113,2026-03-09,Device Fleet,63,46
USG-000089,CUST-9999,2026-04-04,Employee Offboarding,67,58
USG-000090,CUST-0044,2026-01-10,Marketplace,75,50
USG-000091,CUST-0040,2026-05-18,IT Support,27,90
USG-000092,CUST-0112,2026-03-30,Vendor Management,37,27
USG-000093,CUST-0088,2026-06-29,IT Support,71,107
USG-000094,CUST-0069,2026-01-24,IT Support,27,34
USG-000095,CUST-0056,2026-04-30,Employee Offboarding,5,119
USG-000096,CUST-0030,2026-05-13,Vendor Management,24,61
USG-000097,CUST-0036,2026-04-30,IT Support,42,48
USG-000098,CUST-0145,2026-04-07,Vendor Management,76,116
USG-000099,CUST-0009,2026-03-24,Vendor Management,14,81
USG-000100,CUST-0092,2026-08-11,Device Fleet,21,54
USG-000101,CUST-0122,2026-03-27,Employee Offboarding,13,24
USG-000102,CUST-0092,2026-03-20,Orders,60,70
USG-000103,CUST-0048,2026-07-12,Device Fleet,57,104
USG-000104,CUST-0117,2026-06-01,IT Support,56,94
USG-000105,CUST-0103,2026-05-02,Marketplace,32,33
USG-000106,CUST-0096,2026-06-03,Employee Offboarding,62,87
USG-000107,CUST-0103,2026-03-18,Device Fleet,30,98
USG-000108,CUST-0130,2026-01-28,Asset Audit,55,100
USG-000109,CUST-0069,2026-09-02,IT Support,52,76
USG-000110,CUST-0008,2026-02-11,IT Support,22,119
USG-000111,CUST-0077,2026-08-15,IT Support,68,26
USG-000112,CUST-9999,2026-07-12,Orders,17,85
USG-000113,CUST-0086,2026-07-21,Device Fleet,12,40
USG-000114,CUST-0037,2026-07-25,Employee Offboarding,59,51
USG-000115,CUST-0043,2026-04-28,Device Fleet,19,26
USG-000116,CUST-0045,2026-03-19,Employee Offboarding,11,24
USG-000117,CUST-0061,2026-08-08,Orders,56,12
USG-000118,CUST-0063,2026-02-09,Vendor Management,72,109
USG-000119,CUST-0096,2026-01-02,Asset Audit,21,45
USG-000120,CUST-0026,2026-05-01,IT Support,51,90
USG-000121,CUST-0055,2026-08-22,Asset Audit,49,107
USG-000122,CUST-0119,2026-06-30,Orders,13,50
USG-000123,CUST-0033,2026-03-23,Marketplace,18,52
USG-000124,CUST-0084,2026-08-18,Employee Offboarding,55,77
USG-000125,CUST-0101,2026-05-17,Device Fleet,45,63
USG-000126,CUST-0007,2026-02-26,IT Support,23,99
USG-000127,CUST-0061,2026-04-05,Employee Offboarding,44,65
USG-000128,CUST-0001,2026-06-06,IT Support,51,118
USG-000129,CUST-0020,2026-06-15,Orders,18,64
USG-000130,CUST-0049,2026-01-12,Orders,39,56
USG-000131,CUST-0024,2026-03-28,Asset Audit,24,55
USG-000132,CUST-0039,2026-03-14,Employee Offboarding,50,87
USG-000133,CUST-0124,2026-01-09,Employee Offboarding,54,23
USG-000134,CUST-0042,2026-04-12,Vendor Management,67,107
USG-000135,CUST-0028,2026-04-30,Marketplace,11,45
USG-000136,CUST-0026,2026-06-17,Marketplace,52,103
USG-000137,CUST-0004,2026-02-11,Employee Offboarding,17,74
USG-000138,CUST-0130,2026-04-09,Vendor Management,59,2
USG-000139,CUST-0125,2026-06-17,Vendor Management,52,55
USG-000140,CUST-0014,2026-03-19,Asset Audit,34,95
USG-000141,CUST-0030,2026-06-04,Marketplace,58,65
USG-000142,CUST-0096,2026-07-19,Asset Audit,43,109
USG-000143,CUST-0137,2026-04-04,Device Fleet,23,55
USG-000144,CUST-0137,2026-07-14,Asset Audit,11,20
USG-000145,CUST-0002,2026-03-28,Vendor Management,76,34
USG-000146,CUST-0051,2026-05-12,Marketplace,79,94
USG-000147,CUST-0117,2026-04-22,Device Fleet,60,37
USG-000148,CUST-0011,2026-02-01,Marketplace,63,59
USG-000149,CUST-0094,2026-01-13,IT Support,48,33
USG-000150,CUST-0109,2026-03-28,Vendor Management,38,99
USG-000151,CUST-0007,2026-05-19,Employee Offboarding,23,38
USG-000152,CUST-0092,2026-04-17,Device Fleet,58,42
USG-000153,CUST-0077,2026-06-12,Device Fleet,77,15
USG-000154,CUST-0092,2026-07-07,Device Fleet,69,95
USG-000155,CUST-0102,2026-03-05,Orders,11,69
USG-000156,CUST-0025,2026-02-02,Vendor Management,19,82
USG-000157,CUST-0127,2026-04-21,Employee Offboarding,45,59
USG-000158,CUST-0063,2026-08-24,Marketplace,68,73
USG-000159,CUST-0118,2026-01-11,Device Fleet,42,48
USG-000160,CUST-0010,2026-02-07,IT Support,13,49
USG-000161,CUST-0132,2026-07-05,Device Fleet,44,119
USG-000162,CUST-0078,2026-04-19,Asset Audit,3,24
USG-000163,CUST-0066,2026-07-04,Vendor Management,11,108
USG-000164,CUST-0111,2026-01-30,Marketplace,25,74
USG-000165,CUST-0067,2026-03-19,IT Support,66,70
USG-000166,CUST-0063,2026-06-27,Marketplace,7,48
USG-000167,CUST-9999,2026-05-02,Orders,56,36
USG-000168,CUST-0048,2026-03-12,IT Support,6,78
USG-000169,CUST-0103,2026-08-21,Orders,37,35
USG-000170,CUST-0002,2026-04-15,Orders,3,101
USG-000171,CUST-0107,2026-06-18,Orders,36,35
USG-000172,CUST-0119,2026-06-03,Marketplace,41,13
USG-000173,CUST-0057,2026-02-27,Device Fleet,42,29
USG-000174,CUST-0017,2026-06-06,Employee Offboarding,78,106
USG-000175,CUST-0118,2026-05-31,Asset Audit,77,43
USG-000176,CUST-0139,2026-04-10,Asset Audit,72,2
USG-000177,CUST-0088,2026-03-29,Employee Offboarding,45,106
USG-000178,CUST-0114,2026-02-08,Asset Audit,64,27
USG-000179,CUST-0137,2026-06-28,Orders,50,33
USG-000180,CUST-0104,2026-01-09,Vendor Management,74,11
USG-000181,CUST-0125,2026-05-24,Employee Offboarding,11,27
USG-000182,CUST-0136,2026-04-05,Employee Offboarding,38,97
USG-000183,CUST-0081,2026-04-26,Vendor Management,60,4
USG-000184,CUST-0040,2026-06-09,IT Support,22,80
USG-000185,CUST-0091,2026-05-25,Asset Audit,54,98
USG-000186,CUST-0006,2026-07-12,Employee Offboarding,72,96
USG-000187,CUST-0126,2026-03-02,Asset Audit,69,17
USG-000188,CUST-0097,2026-06-05,Marketplace,16,13
USG-000189,CUST-0102,2026-02-25,Orders,15,74
USG-000190,CUST-0075,2026-02-15,Marketplace,21,99
USG-000191,CUST-0103,2026-05-21,Asset Audit,46,97
USG-000192,CUST-0056,2026-04-18,IT Support,36,41
USG-000193,CUST-0093,2026-06-11,Device Fleet,41,65
USG-000194,CUST-0138,2026-05-17,Asset Audit,29,110
USG-000195,CUST-0104,2026-05-07,Marketplace,60,37
USG-000196,CUST-0116,2026-02-10,Marketplace,23,52
USG-000197,CUST-0074,2026-01-01,IT Support,43,98
USG-000198,CUST-0119,2026-06-17,Orders,13,50
USG-000199,CUST-9999,2026-06-17,Asset Audit,54,53
USG-000200,CUST-0049,2026-06-12,Device Fleet,80,29
USG-000201,CUST-0036,2026-06-06,IT Support,65,11
USG-000202,CUST-9999,2026-07-07,Asset Audit,3,42
USG-000203,CUST-0064,2026-02-12,IT Support,61,88
USG-000204,CUST-0024,2026-09-01,Employee Offboarding,3,96
USG-000205,CUST-0100,2026-05-22,IT Support,25,109
USG-000206,CUST-0042,2026-04-28,Employee Offboarding,31,23
USG-000207,CUST-0121,2026-08-28,Vendor Management,26,42
USG-000208,CUST-0034,2026-03-17,Device Fleet,4,27
USG-000209,CUST-9999,2026-04-29,Asset Audit,32,88
USG-000210,CUST-0114,2026-03-03,Marketplace,23,60
USG-000211,CUST-0129,2026-06-14,Device Fleet,78,108
USG-000212,CUST-0085,2026-08-12,Orders,32,60
USG-000213,CUST-0018,2026-01-02,Vendor Management,5,88
USG-000214,CUST-0105,2026-08-10,IT Support,61,111
USG-000215,CUST-0099,2026-01-19,Marketplace,54,34
USG-000216,CUST-0138,2026-01-31,Vendor Management,78,83
USG-000217,CUST-0137,2026-07-02,Device Fleet,57,62
USG-000218,CUST-0016,2026-03-16,Marketplace,51,107
USG-000219,CUST-0011,2026-04-04,Asset Audit,66,81
USG-000220,CUST-0113,2026-04-20,Marketplace,16,14
USG-000221,CUST-0038,2026-08-05,Employee Offboarding,75,97
USG-000222,CUST-0029,2026-07-04,Orders,47,53
USG-000223,CUST-0087,2026-02-06,Orders,62,27
USG-000224,CUST-0068,2026-01-25,Employee Offboarding,10,59
USG-000225,CUST-0126,2026-07-12,Orders,34,44
USG-000226,CUST-0076,2026-06-26,Asset Audit,43,101
USG-000227,CUST-0116,2026-06-29,Employee Offboarding,73,36
USG-000228,CUST-0010,2026-07-14,Orders,19,67
USG-000229,CUST-0074,2026-01-07,Orders,48,73
USG-000230,CUST-0093,2026-07-02,Employee Offboarding,40,92
USG-000231,CUST-0041,2026-05-26,Vendor Management,40,61
USG-000232,CUST-0113,2026-06-22,Employee Offboarding,20,96
USG-000233,CUST-0033,2026-02-07,IT Support,38,110
USG-000234,CUST-0099,2026-03-07,Vendor Management,30,4
USG-000235,CUST-0055,2026-05-30,Employee Offboarding,19,75
USG-000236,CUST-0004,2026-03-08,Employee Offboarding,66,96
USG-000237,CUST-0133,2026-04-14,Asset Audit,80,116
USG-000238,CUST-0044,2026-03-30,Vendor Management,20,76
USG-000239,CUST-0129,2026-03-22,IT Support,48,49
USG-000240,CUST-0125,2026-06-15,Orders,68,62
USG-000241,CUST-0045,2026-05-04,Asset Audit,2,86
USG-000242,CUST-0017,2026-03-29,Orders,40,27
USG-000243,CUST-0058,2026-02-08,Employee Offboarding,78,100
USG-000244,CUST-0031,2026-06-16,Orders,46,64
USG-000245,CUST-0118,2026-05-26,Vendor Management,2,108
USG-000246,CUST-0135,2026-08-18,Orders,26,47
USG-000247,CUST-0009,2026-04-13,Vendor Management,13,43
USG-000248,CUST-0130,2026-01-18,Employee Offboarding,71,69
USG-000249,CUST-0138,2026-08-12,Device Fleet,8,58
USG-000250,CUST-9999,2026-05-14,Orders,32,33
USG-000251,CUST-0047,2026-06-26,Vendor Management,32,30
USG-000252,CUST-0117,2026-02-15,Device Fleet,78,35
USG-000253,CUST-0142,2026-03-13,Device Fleet,25,94
USG-000254,CUST-0017,2026-08-20,Orders,67,39
USG-000255,CUST-0016,2026-02-23,Orders,32,75
USG-000256,CUST-9999,2026-05-03,Asset Audit,13,69
USG-000257,CUST-0014,2026-03-23,Marketplace,10,26
USG-000258,CUST-0123,2026-01-30,Asset Audit,11,61
USG-000259,CUST-0051,2026-01-26,IT Support,76,28
USG-000260,CUST-0125,2026-03-18,IT Support,2,75
USG-000261,CUST-0111,2026-08-09,Device Fleet,57,100
USG-000262,CUST-0050,2026-05-31,Marketplace,79,97
USG-000263,CUST-0117,2026-01-01,Employee Offboarding,53,77
USG-000264,CUST-0070,2026-05-07,Vendor Management,23,43
USG-000265,CUST-0130,2026-05-04,IT Support,37,83
USG-000266,CUST-0077,2026-03-09,Marketplace,69,32
USG-000267,CUST-0088,2026-03-12,Vendor Management,72,65
USG-000268,CUST-0080,2026-06-10,Asset Audit,15,97
USG-000269,CUST-0047,2026-05-05,Device Fleet,41,115
USG-000270,CUST-0131,2026-05-01,Asset Audit,21,23
USG-000271,CUST-0017,2026-07-14,Asset Audit,39,13
USG-000272,CUST-0114,2026-03-29,Vendor Management,69,106
USG-000273,CUST-0047,2026-02-19,Marketplace,14,98
USG-000274,CUST-0060,2026-02-24,Employee Offboarding,65,40
USG-000275,CUST-0082,2026-07-16,IT Support,61,14
USG-000276,CUST-0077,2026-08-26,IT Support,27,74
USG-000277,CUST-0040,2026-03-24,Orders,25,99
USG-000278,CUST-0102,2026-07-21,Orders,21,79
USG-000279,CUST-0041,2026-03-25,IT Support,61,84
USG-000280,CUST-0107,2026-07-19,Vendor Management,35,30
USG-000281,CUST-0068,2026-05-01,Marketplace,39,48
USG-000282,CUST-0038,2026-03-20,Employee Offboarding,46,107
USG-000283,CUST-0081,2026-04-26,Employee Offboarding,55,73
USG-000284,CUST-0101,2026-07-15,Asset Audit,1,98
USG-000285,CUST-0104,2026-01-15,Asset Audit,46,83
USG-000286,CUST-0036,2026-04-27,Marketplace,36,3
USG-000287,CUST-0052,2026-02-23,Vendor Management,33,38
USG-000288,CUST-0096,2026-01-07,Employee Offboarding,55,102
USG-000289,CUST-0098,2026-03-25,IT Support,72,95
USG-000290,CUST-0052,2026-07-24,Orders,80,65
USG-000291,CUST-0113,2026-08-08,Employee Offboarding,14,10
USG-000292,CUST-0063,2026-02-11,Employee Offboarding,62,93
USG-000293,CUST-0121,2026-09-01,Device Fleet,50,89
USG-000294,CUST-0125,2026-03-05,Employee Offboarding,78,76
USG-000295,CUST-0097,2026-01-16,Device Fleet,8,82
USG-000296,CUST-0088,2026-03-12,IT Support,48,57
USG-000297,CUST-0073,2026-01-29,Asset Audit,18,113
USG-000298,CUST-0019,2026-03-25,Marketplace,53,106
USG-000299,CUST-0039,2026-08-12,Orders,76,39
USG-000300,CUST-9999,2026-02-21,IT Support,12,57
USG-000301,CUST-0063,2026-03-25,IT Support,70,98
USG-000302,CUST-0067,2026-05-23,IT Support,38,89
USG-000303,CUST-0006,2026-02-05,Marketplace,9,112
USG-000304,CUST-0081,2026-08-07,Employee Offboarding,58,96
USG-000305,CUST-0055,2026-02-17,Employee Offboarding,60,30
USG-000306,CUST-0118,2026-04-03,Employee Offboarding,26,87
USG-000307,CUST-0067,2026-03-07,IT Support,3,18
USG-000308,CUST-0031,2026-06-14,Asset Audit,55,51
USG-000309,CUST-0125,2026-07-24,Device Fleet,68,8
USG-000310,CUST-0132,2026-04-06,Device Fleet,73,56
USG-000311,CUST-0009,2026-05-10,Marketplace,42,102
USG-000312,CUST-0138,2026-05-06,Employee Offboarding,74,43
USG-000313,CUST-0018,2026-07-08,Device Fleet,73,12
USG-000314,CUST-0143,2026-07-19,Device Fleet,69,21
USG-000315,CUST-0132,2026-08-05,Marketplace,12,74
USG-000316,CUST-0120,2026-06-06,Vendor Management,25,97
USG-000317,CUST-0019,2026-07-16,Vendor Management,56,105
USG-000318,CUST-0071,2026-04-30,Asset Audit,20,84
USG-000319,CUST-0085,2026-01-19,Orders,74,44
USG-000320,CUST-0117,2026-05-16,Marketplace,56,114
USG-000321,CUST-0006,2026-04-13,IT Support,38,1
USG-000322,CUST-0100,2026-01-05,Device Fleet,29,42
USG-000323,CUST-0110,2026-02-08,Employee Offboarding,29,75
USG-000324,CUST-0084,2026-05-17,Asset Audit,26,99
USG-000325,CUST-9999,2026-08-25,Employee Offboarding,74,20
USG-000326,CUST-0049,2026-07-17,Orders,27,40
USG-000327,CUST-0047,2026-01-26,Device Fleet,69,78
USG-000328,CUST-0011,2026-07-19,Orders,70,45
USG-000329,CUST-0018,2026-03-25,Marketplace,41,119
USG-000330,CUST-0059,2026-06-18,Orders,26,39
USG-000331,CUST-0042,2026-04-19,Employee Offboarding,30,120
USG-000332,CUST-0056,2026-07-17,Employee Offboarding,4,18
USG-000333,CUST-0113,2026-02-01,Marketplace,49,4
USG-000334,CUST-0114,2026-08-11,Vendor Management,27,49
USG-000335,CUST-0013,2026-04-25,Asset Audit,52,26
USG-000336,CUST-0053,2026-07-17,Asset Audit,76,105
USG-000337,CUST-0032,2026-01-24,Orders,65,117
USG-000338,CUST-9999,2026-07-05,IT Support,16,21
USG-000339,CUST-0054,2026-01-31,Asset Audit,78,46
USG-000340,CUST-0082,2026-04-17,Orders,27,12
USG-000341,CUST-0130,2026-04-03,Asset Audit,33,66
USG-000342,CUST-0029,2026-08-30,Asset Audit,3,1
USG-000343,CUST-0098,2026-07-25,Asset Audit,52,110
USG-000344,CUST-0026,2026-04-01,Employee Offboarding,40,108
USG-000345,CUST-0017,2026-04-22,Marketplace,39,30
USG-000346,CUST-0022,2026-06-16,Vendor Management,50,113
USG-000347,CUST-0121,2026-01-05,Employee Offboarding,42,6
USG-000348,CUST-0037,2026-08-05,Orders,23,73
USG-000349,CUST-0003,2026-02-02,IT Support,20,18
USG-000350,CUST-0121,2026-07-15,Device Fleet,8,77
USG-000351,CUST-0054,2026-08-10,Vendor Management,38,48
USG-000352,CUST-0107,2026-07-30,Orders,54,23
USG-000353,CUST-0045,2026-08-28,IT Support,20,95
USG-000354,CUST-0047,2026-04-04,Device Fleet,21,4
USG-000355,CUST-0128,2026-02-22,Employee Offboarding,52,81
USG-000356,CUST-0096,2026-08-21,Marketplace,34,80
USG-000357,CUST-0083,2026-01-08,Marketplace,4,43
USG-000358,CUST-0008,2026-08-16,Asset Audit,5,95
USG-000359,CUST-0037,2026-08-22,Asset Audit,6,70
USG-000360,CUST-0097,2026-07-15,IT Support,68,22
USG-000361,CUST-0041,2026-01-26,Device Fleet,45,115
USG-000362,CUST-0058,2026-01-24,Asset Audit,9,15
USG-000363,CUST-0122,2026-04-29,Asset Audit,69,57
USG-000364,CUST-0035,2026-08-08,IT Support,1,40
USG-000365,CUST-0122,2026-05-01,Employee Offboarding,17,42
USG-000366,CUST-0139,2026-04-04,IT Support,13,62
USG-000367,CUST-0127,2026-07-11,Marketplace,74,26
USG-000368,CUST-0033,2026-02-26,IT Support,17,104
USG-000369,CUST-0037,2026-02-27,Vendor Management,11,96
USG-000370,CUST-0025,2026-07-03,Asset Audit,37,114
USG-000371,CUST-0027,2026-03-05,Orders,33,24
USG-000372,CUST-0078,2026-03-26,Vendor Management,60,86
USG-000373,CUST-0134,2026-05-13,IT Support,35,98
USG-000374,CUST-0034,2026-03-25,Asset Audit,48,85
USG-000375,CUST-0038,2026-05-29,Vendor Management,5,96
USG-000376,CUST-0099,2026-06-11,Device Fleet,26,24
USG-000377,CUST-0004,2026-02-06,Vendor Management,5,107
USG-000378,CUST-0061,2026-02-11,Asset Audit,42,2
USG-000379,CUST-9999,2026-05-04,Asset Audit,45,25
USG-000380,CUST-9999,2026-04-14,Asset Audit,28,59
USG-000381,CUST-0068,2026-05-20,Asset Audit,16,96
USG-000382,CUST-0072,2026-06-17,Marketplace,66,119
USG-000383,CUST-0087,2026-03-28,Orders,33,44
USG-000384,CUST-0125,2026-07-17,IT Support,59,85
USG-000385,CUST-0025,2026-06-21,Marketplace,44,98
USG-000386,CUST-0133,2026-03-09,Device Fleet,47,55
USG-000387,CUST-0007,2026-05-20,Orders,13,30
USG-000388,CUST-0118,2026-08-01,Device Fleet,16,71
USG-000389,CUST-0076,2026-02-02,Marketplace,45,40
USG-000390,CUST-0116,2026-04-22,IT Support,11,111
USG-000391,CUST-0130,2026-02-16,Asset Audit,66,25
USG-000392,CUST-0037,2026-08-04,Vendor Management,29,100
USG-000393,CUST-0005,2026-02-20,Vendor Management,46,68
USG-000394,CUST-0039,2026-05-25,Marketplace,68,68
USG-000395,CUST-0013,2026-07-24,IT Support,47,70
USG-000396,CUST-0059,2026-06-27,IT Support,22,48
USG-000397,CUST-0041,2026-01-26,Vendor Management,22,82
USG-000398,CUST-0058,2026-08-04,Marketplace,20,70
USG-000399,CUST-0109,2026-08-08,Orders,36,7
USG-000400,CUST-0103,2026-03-17,Asset Audit,67,54
USG-000401,CUST-0122,2026-04-30,Employee Offboarding,18,93
USG-000402,CUST-0077,2026-01-01,Device Fleet,33,91
USG-000403,CUST-0143,2026-06-21,Employee Offboarding,27,119
USG-000404,CUST-0018,2026-01-16,Marketplace,53,18
USG-000405,CUST-0037,2026-05-04,Marketplace,21,98
USG-000406,CUST-0063,2026-04-11,Marketplace,21,83
USG-000407,CUST-0108,2026-04-11,IT Support,25,32
USG-000408,CUST-0090,2026-01-19,Orders,36,18
USG-000409,CUST-0103,2026-02-01,Vendor Management,75,87
USG-000410,CUST-0039,2026-02-22,Asset Audit,19,87
USG-000411,CUST-0071,2026-07-14,Employee Offboarding,2,82
USG-000412,CUST-0031,2026-05-14,Employee Offboarding,68,14
USG-000413,CUST-0121,2026-03-01,Vendor Management,57,39
USG-000414,CUST-0032,2026-05-19,Vendor Management,79,59
USG-000415,CUST-0040,2026-01-19,Marketplace,44,113
USG-000416,CUST-0070,2026-09-01,Device Fleet,49,108
USG-000417,CUST-0066,2026-01-29,Vendor Management,60,55
USG-000418,CUST-9999,2026-02-13,Vendor Management,63,98
USG-000419,CUST-0075,2026-02-27,IT Support,14,12
USG-000420,CUST-0093,2026-03-03,Marketplace,64,108
USG-000421,CUST-0111,2026-04-18,Device Fleet,14,111
USG-000422,CUST-0072,2026-08-04,Vendor Management,36,116
USG-000423,CUST-0065,2026-06-13,IT Support,43,54
USG-000424,CUST-0065,2026-04-02,Device Fleet,2,13
USG-000425,CUST-0125,2026-03-04,IT Support,64,29
USG-000426,CUST-0112,2026-06-20,Employee Offboarding,14,100
USG-000427,CUST-0125,2026-05-24,IT Support,73,49
USG-000428,CUST-0133,2026-08-11,Vendor Management,49,6
USG-000429,CUST-0028,2026-06-01,Marketplace,13,74
USG-000430,CUST-0025,2026-01-31,Marketplace,31,47
USG-000431,CUST-9999,2026-06-22,Vendor Management,78,54
USG-000432,CUST-0101,2026-07-03,Vendor Management,6,45
USG-000433,CUST-0113,2026-08-07,Asset Audit,74,111
USG-000434,CUST-0134,2026-01-10,Asset Audit,56,86
USG-000435,CUST-0007,2026-02-25,IT Support,24,4
USG-000436,CUST-0085,2026-01-26,Employee Offboarding,53,103
USG-000437,CUST-0008,2026-07-06,Asset Audit,33,46
USG-000438,CUST-0089,2026-04-01,Orders,36,58
USG-000439,CUST-0013,2026-03-25,Asset Audit,34,99
USG-000440,CUST-0042,2026-02-23,IT Support,71,83
USG-000441,CUST-0083,2026-07-09,Asset Audit,45,100
USG-000442,CUST-0045,2026-08-05,Asset Audit,12,43
USG-000443,CUST-0091,2026-06-07,IT Support,30,41
USG-000444,CUST-0079,2026-01-26,Vendor Management,12,82
USG-000445,CUST-0104,2026-03-22,IT Support,64,82
USG-000446,CUST-0048,2026-07-13,Asset Audit,26,34
USG-000447,CUST-0125,2026-03-31,Employee Offboarding,57,115
USG-000448,CUST-0093,2026-07-13,Orders,22,42
USG-000449,CUST-0005,2026-01-29,Orders,75,40
USG-000450,CUST-0130,2026-06-29,Vendor Management,72,38
USG-000451,CUST-0144,2026-05-18,Orders,51,80
USG-000452,CUST-0020,2026-02-20,Device Fleet,12,92
USG-000453,CUST-0104,2026-08-07,Employee Offboarding,19,92
USG-000454,CUST-0088,2026-05-17,Employee Offboarding,51,18
USG-000455,CUST-0099,2026-01-27,Marketplace,38,79
USG-000456,CUST-9999,2026-01-22,Employee Offboarding,29,57
USG-000457,CUST-0011,2026-03-04,IT Support,20,86
USG-000458,CUST-0071,2026-01-07,Asset Audit,29,107
USG-000459,CUST-0057,2026-03-04,Orders,57,83
USG-000460,CUST-0056,2026-02-07,Device Fleet,38,32
USG-000461,CUST-0006,2026-08-08,IT Support,62,108
USG-000462,CUST-0113,2026-04-17,IT Support,71,73
USG-000463,CUST-0050,2026-04-16,Orders,67,75
USG-000464,CUST-0103,2026-06-10,IT Support,50,96
USG-000465,CUST-0067,2026-06-30,Marketplace,47,103
USG-000466,CUST-0068,2026-04-21,Employee Offboarding,47,116
USG-000467,CUST-0061,2026-03-23,IT Support,46,10
USG-000468,CUST-0035,2026-03-24,Marketplace,32,102
USG-000469,CUST-0138,2026-05-29,Orders,13,118
USG-000470,CUST-0130,2026-07-01,Asset Audit,69,41
USG-000471,CUST-0027,2026-07-26,Marketplace,78,30
USG-000472,CUST-0090,2026-07-03,Vendor Management,71,106
USG-000473,CUST-0058,2026-04-30,Employee Offboarding,74,108
USG-000474,CUST-0014,2026-04-28,IT Support,57,64
USG-000475,CUST-0112,2026-01-17,Orders,3,72
USG-000476,CUST-0115,2026-05-24,Vendor Management,8,115
USG-000477,CUST-0089,2026-05-03,Marketplace,19,9
USG-000478,CUST-0091,2026-01-17,Vendor Management,36,73
USG-000479,CUST-0065,2026-08-31,Vendor Management,4,92
USG-000480,CUST-0126,2026-04-21,Vendor Management,18,51
USG-000481,CUST-0056,2026-06-19,Asset Audit,40,69
USG-000482,CUST-0078,2026-03-26,Orders,73,103
USG-000483,CUST-0131,2026-08-31,Asset Audit,19,99
USG-000484,CUST-0139,2026-06-24,IT Support,41,111
USG-000485,CUST-0002,2026-06-06,Device Fleet,46,76
USG-000486,CUST-0031,2026-07-18,Device Fleet,79,9
USG-000487,CUST-0136,2026-04-16,Vendor Management,21,94
USG-000488,CUST-0050,2026-03-05,IT Support,23,107
USG-000489,CUST-0047,2026-01-08,Vendor Management,64,94
USG-000490,CUST-0031,2026-03-26,Device Fleet,13,52
USG-000491,CUST-9999,2026-06-29,Vendor Management,50,104
USG-000492,CUST-0105,2026-04-08,Vendor Management,61,18
USG-000493,CUST-0088,2026-02-16,Device Fleet,40,46
USG-000494,CUST-0046,2026-07-01,Asset Audit,33,64
USG-000495,CUST-0024,2026-02-17,Employee Offboarding,52,26
USG-000496,CUST-0059,2026-03-31,Vendor Management,11,44
USG-000497,CUST-0116,2026-07-12,Device Fleet,68,33
USG-000498,CUST-0006,2026-08-14,IT Support,8,72
USG-000499,CUST-0016,2026-06-24,Employee Offboarding,13,22
USG-000500,CUST-0001,2026-05-16,Device Fleet,1,42
USG-000501,CUST-0099,2026-03-20,Device Fleet,73,73
USG-000502,CUST-0096,2026-08-08,Device Fleet,23,25
USG-000503,CUST-0128,2026-02-16,IT Support,28,45
USG-000504,CUST-0025,2026-08-12,Vendor Management,20,77
USG-000505,CUST-0096,2026-05-27,Orders,57,91
USG-000506,CUST-0046,2026-05-10,Orders,57,4
USG-000507,CUST-0010,2026-08-28,IT Support,16,104
USG-000508,CUST-0080,2026-08-28,Employee Offboarding,14,45
USG-000509,CUST-0047,2026-06-01,IT Support,22,116
USG-000510,CUST-0026,2026-05-08,Orders,78,20
USG-000511,CUST-0087,2026-08-29,Asset Audit,71,107
USG-000512,CUST-0100,2026-07-20,Asset Audit,15,86
USG-000513,CUST-0142,2026-01-17,Employee Offboarding,32,47
USG-000514,CUST-0037,2026-03-03,Marketplace,63,25
USG-000515,CUST-0104,2026-01-11,Employee Offboarding,8,118
USG-000516,CUST-0123,2026-07-27,Marketplace,76,13
USG-000517,CUST-0134,2026-01-24,Vendor Management,42,117
USG-000518,CUST-0135,2026-05-25,IT Support,69,67
USG-000519,CUST-0101,2026-07-13,IT Support,26,37
USG-000520,CUST-0083,2026-02-04,Asset Audit,26,38
USG-000521,CUST-0110,2026-04-14,Asset Audit,49,11
USG-000522,CUST-0126,2026-01-07,Asset Audit,14,42
USG-000523,CUST-0144,2026-05-04,IT Support,50,40
USG-000524,CUST-0128,2026-07-21,Marketplace,37,99
USG-000525,CUST-0015,2026-05-16,Marketplace,6,25
USG-000526,CUST-0023,2026-03-20,IT Support,74,70
USG-000527,CUST-0045,2026-06-14,Employee Offboarding,7,69
USG-000528,CUST-0008,2026-01-13,Employee Offboarding,50,25
USG-000529,CUST-0091,2026-05-18,Device Fleet,56,95
USG-000530,CUST-0131,2026-05-15,Marketplace,23,66
USG-000531,CUST-0095,2026-06-24,Vendor Management,6,117
USG-000532,CUST-0055,2026-01-26,Asset Audit,24,115
USG-000533,CUST-0057,2026-07-02,Employee Offboarding,10,92
USG-000534,CUST-0053,2026-05-07,Orders,74,82
USG-000535,CUST-0004,2026-01-12,Asset Audit,27,116
USG-000536,CUST-0030,2026-08-25,Employee Offboarding,1,116
USG-000537,CUST-0062,2026-06-18,Marketplace,43,23
USG-000538,CUST-0100,2026-07-31,Orders,48,118
USG-000539,CUST-0103,2026-01-12,Orders,19,77
USG-000540,CUST-0064,2026-06-09,Vendor Management,34,113
USG-000541,CUST-0109,2026-06-24,IT Support,40,27
USG-000542,CUST-0070,2026-04-15,Vendor Management,2,54
USG-000543,CUST-0106,2026-04-07,Employee Offboarding,25,105
USG-000544,CUST-0125,2026-03-06,IT Support,2,81
USG-000545,CUST-0102,2026-01-11,Vendor Management,58,17
USG-000546,CUST-0058,2026-01-19,Vendor Management,15,15
USG-000547,CUST-0041,2026-08-19,Marketplace,63,9
USG-000548,CUST-0047,2026-05-18,Employee Offboarding,22,95
USG-000549,CUST-0066,2026-09-02,Vendor Management,51,37
USG-000550,CUST-0138,2026-03-15,Employee Offboarding,73,34
USG-000551,CUST-0028,2026-07-14,Device Fleet,51,106
USG-000552,CUST-0052,2026-09-01,Device Fleet,72,109
USG-000553,CUST-0128,2026-02-21,Orders,67,5
USG-000554,CUST-0121,2026-05-03,Device Fleet,15,30
USG-000555,CUST-0010,2026-08-02,Asset Audit,24,11
USG-000556,CUST-0018,2026-03-03,Asset Audit,79,48
USG-000557,CUST-0113,2026-07-09,Orders,57,77
USG-000558,CUST-0011,2026-06-19,IT Support,25,99
USG-000559,CUST-0054,2026-07-05,Employee Offboarding,6,73
USG-000560,CUST-0004,2026-08-31,Orders,44,111
USG-000561,CUST-0065,2026-08-24,Orders,45,60
USG-000562,CUST-0052,2026-08-19,Vendor Management,8,51
USG-000563,CUST-0098,2026-02-09,Employee Offboarding,65,9
USG-000564,CUST-0058,2026-02-17,Vendor Management,25,43
USG-000565,CUST-0113,2026-01-07,Marketplace,57,9
USG-000566,CUST-0063,2026-06-04,IT Support,37,72
USG-000567,CUST-0042,2026-02-06,IT Support,41,8
USG-000568,CUST-0029,2026-06-25,Device Fleet,53,67
USG-000569,CUST-0137,2026-01-05,IT Support,22,93
USG-000570,CUST-0083,2026-04-05,Device Fleet,19,116
USG-000571,CUST-0027,2026-06-25,Orders,1,49
USG-000572,CUST-0001,2026-05-25,Device Fleet,50,99
USG-000573,CUST-9999,2026-01-31,Marketplace,29,98
USG-000574,CUST-0010,2026-05-25,IT Support,10,3
USG-000575,CUST-0122,2026-08-28,IT Support,50,37
USG-000576,CUST-0100,2026-04-26,Vendor Management,31,88
USG-000577,CUST-0126,2026-06-06,Employee Offboarding,45,82
USG-000578,CUST-0117,2026-05-03,Orders,59,69
USG-000579,CUST-0093,2026-02-27,Orders,37,82
USG-000580,CUST-0045,2026-04-10,Employee Offboarding,21,48
USG-000581,CUST-0006,2026-04-21,Marketplace,39,19
USG-000582,CUST-0011,2026-04-28,Asset Audit,70,110
USG-000583,CUST-0059,2026-04-13,Orders,46,27
USG-000584,CUST-0104,2026-04-18,Asset Audit,59,94
USG-000585,CUST-0116,2026-04-24,Asset Audit,60,47
USG-000586,CUST-0087,2026-03-25,Vendor Management,52,18
USG-000587,CUST-0136,2026-02-22,Orders,28,92
USG-000588,CUST-0049,2026-05-26,Orders,80,47
USG-000589,CUST-0119,2026-05-21,Marketplace,53,48
USG-000590,CUST-0079,2026-02-24,Asset Audit,19,61
USG-000591,CUST-0028,2026-05-19,Vendor Management,58,39
USG-000592,CUST-0106,2026-01-14,Orders,28,44
USG-000593,CUST-0142,2026-08-16,Orders,50,120
USG-000594,CUST-0133,2026-04-21,Orders,57,4
USG-000595,CUST-0053,2026-04-09,IT Support,23,35
USG-000596,CUST-0145,2026-07-16,Orders,52,74
USG-000597,CUST-0051,2026-02-08,Asset Audit,41,60
USG-000598,CUST-0063,2026-08-11,Vendor Management,17,98
USG-000599,CUST-0125,2026-03-22,IT Support,79,68
USG-000600,CUST-0010,2026-06-23,Device Fleet,9,11
USG-000601,CUST-0006,2026-01-03,Marketplace,7,43
USG-000602,CUST-0024,2026-03-22,Employee Offboarding,26,96
USG-000603,CUST-0039,2026-02-24,Employee Offboarding,9,47
USG-000604,CUST-0081,2026-05-30,Marketplace,58,61
USG-000605,CUST-0087,2026-06-30,Orders,38,39
USG-000606,CUST-0026,2026-07-25,IT Support,21,116
USG-000607,CUST-0039,2026-02-11,Asset Audit,16,69
USG-000608,CUST-0105,2026-02-10,IT Support,71,81
USG-000609,CUST-0121,2026-06-29,Employee Offboarding,32,15
USG-000610,CUST-0038,2026-08-21,Asset Audit,13,97
USG-000611,CUST-0011,2026-02-04,Asset Audit,61,49
USG-000612,CUST-0123,2026-02-13,Marketplace,3,76
USG-000613,CUST-0093,2026-08-27,Asset Audit,75,74
USG-000614,CUST-0047,2026-04-25,Device Fleet,63,86
USG-000615,CUST-9999,2026-03-30,Employee Offboarding,11,114
USG-000616,CUST-0095,2026-01-18,Orders,18,80
USG-000617,CUST-0077,2026-06-23,Asset Audit,20,15
USG-000618,CUST-0051,2026-06-12,Employee Offboarding,38,92
USG-000619,CUST-0022,2026-04-01,IT Support,64,3
USG-000620,CUST-0107,2026-02-13,Employee Offboarding,33,25
USG-000621,CUST-0132,2026-03-13,IT Support,4,63
USG-000622,CUST-0082,2026-08-20,Orders,7,84
USG-000623,CUST-0062,2026-06-29,Employee Offboarding,34,58
USG-000624,CUST-0111,2026-03-28,Device Fleet,35,96
USG-000625,CUST-0118,2026-06-18,Device Fleet,43,71
USG-000626,CUST-0009,2026-02-03,Marketplace,80,2
USG-000627,CUST-9999,2026-01-05,Employee Offboarding,49,26
USG-000628,CUST-0121,2026-04-08,Asset Audit,5,89
USG-000629,CUST-0070,2026-06-28,Asset Audit,43,47
USG-000630,CUST-0132,2026-08-07,Marketplace,55,53
USG-000631,CUST-0088,2026-02-03,Employee Offboarding,34,71
USG-000632,CUST-0050,2026-05-06,Employee Offboarding,35,11
USG-000633,CUST-0116,2026-08-24,Vendor Management,11,104
USG-000634,CUST-0082,2026-08-09,IT Support,15,3
USG-000635,CUST-0033,2026-07-26,Marketplace,14,32
USG-000636,CUST-0020,2026-02-15,Employee Offboarding,9,20
USG-000637,CUST-9999,2026-07-25,Orders,12,111
USG-000638,CUST-0020,2026-01-03,Vendor Management,2,95
USG-000639,CUST-0088,2026-08-11,IT Support,10,20
USG-000640,CUST-9999,2026-06-10,Marketplace,59,81
USG-000641,CUST-0085,2026-07-21,Vendor Management,14,79
USG-000642,CUST-0032,2026-01-15,Vendor Management,18,26
USG-000643,CUST-0021,2026-02-17,Device Fleet,12,1
USG-000644,CUST-0111,2026-07-22,Vendor Management,30,27
USG-000645,CUST-0013,2026-07-03,Device Fleet,50,42
USG-000646,CUST-0136,2026-02-19,Asset Audit,26,91
USG-000647,CUST-0127,2026-06-04,Vendor Management,24,61
USG-000648,CUST-0074,2026-07-07,Vendor Management,76,111
USG-000649,CUST-0016,2026-04-24,Orders,65,1
USG-000650,CUST-0021,2026-02-15,Orders,34,19
USG-000651,CUST-0139,2026-05-28,Orders,16,90
USG-000652,CUST-0020,2026-02-18,Orders,42,97
USG-000653,CUST-0059,2026-02-11,Asset Audit,76,38
USG-000654,CUST-0106,2026-05-10,Vendor Management,37,28
USG-000655,CUST-0110,2026-03-06,Marketplace,45,95
USG-000656,CUST-0062,2026-05-16,Device Fleet,33,37
USG-000657,CUST-0042,2026-01-17,Device Fleet,9,64
USG-000658,CUST-0089,2026-08-20,Vendor Management,8,80
USG-000659,CUST-0111,2026-01-21,Vendor Management,58,2
USG-000660,CUST-0023,2026-03-23,IT Support,47,90
USG-000661,CUST-0017,2026-05-26,Employee Offboarding,41,58
USG-000662,CUST-0092,2026-07-10,Marketplace,62,48
USG-000663,CUST-0128,2026-03-18,Marketplace,63,41
USG-000664,CUST-0140,2026-07-10,Orders,30,76
USG-000665,CUST-0044,2026-01-11,Vendor Management,46,53
USG-000666,CUST-0120,2026-08-14,Asset Audit,42,119
USG-000667,CUST-0104,2026-04-29,Marketplace,60,58
USG-000668,CUST-0040,2026-02-06,Vendor Management,50,54
USG-000669,CUST-0007,2026-08-12,Orders,41,49
USG-000670,CUST-0039,2026-04-13,Employee Offboarding,2,56
USG-000671,CUST-0045,2026-02-08,IT Support,24,28
USG-000672,CUST-0025,2026-01-05,Asset Audit,61,20
USG-000673,CUST-0070,2026-03-28,Orders,3,64
USG-000674,CUST-0101,2026-02-10,Employee Offboarding,71,36
USG-000675,CUST-0059,2026-02-18,Asset Audit,78,93
USG-000676,CUST-0128,2026-04-21,Asset Audit,21,63
USG-000677,CUST-0016,2026-04-01,Device Fleet,9,42
USG-000678,CUST-0123,2026-06-05,Employee Offboarding,19,31
USG-000679,CUST-0133,2026-08-30,Asset Audit,28,54
USG-000680,CUST-0126,2026-01-04,Employee Offboarding,21,44
USG-000681,CUST-0080,2026-06-25,IT Support,55,79
USG-000682,CUST-0032,2026-06-03,Orders,68,37
USG-000683,CUST-0088,2026-07-05,Employee Offboarding,17,48
USG-000684,CUST-0145,2026-05-02,Device Fleet,3,58
USG-000685,CUST-0095,2026-04-17,Orders,27,42
USG-000686,CUST-0060,2026-08-21,Marketplace,41,82
USG-000687,CUST-0122,2026-07-21,Employee Offboarding,72,44
USG-000688,CUST-9999,2026-07-23,Employee Offboarding,25,116
USG-000689,CUST-0033,2026-03-24,Marketplace,74,117
USG-000690,CUST-0059,2026-07-01,IT Support,79,31
USG-000691,CUST-0064,2026-05-06,IT Support,61,114
USG-000692,CUST-0005,2026-03-22,IT Support,13,50
USG-000693,CUST-0038,2026-06-09,Employee Offboarding,11,68
USG-000694,CUST-0126,2026-04-29,IT Support,35,9
USG-000695,CUST-0116,2026-04-10,Marketplace,25,102
USG-000696,CUST-0071,2026-07-02,Orders,47,109
USG-000697,CUST-0016,2026-05-02,Orders,29,82
USG-000698,CUST-0001,2026-03-25,Employee Offboarding,80,62
USG-000699,CUST-0144,2026-02-07,Marketplace,35,41
USG-000700,CUST-0125,2026-03-22,IT Support,69,26
USG-000701,CUST-0049,2026-08-25,IT Support,78,16
USG-000702,CUST-0076,2026-07-07,Device Fleet,25,68
USG-000703,CUST-0130,2026-03-14,Orders,49,55
USG-000704,CUST-0003,2026-03-18,Employee Offboarding,27,19
USG-000705,CUST-0076,2026-01-07,Device Fleet,54,11
USG-000706,CUST-0095,2026-04-30,Marketplace,19,58
USG-000707,CUST-0098,2026-05-23,Orders,77,57
USG-000708,CUST-0081,2026-01-28,Employee Offboarding,59,36
USG-000709,CUST-0051,2026-06-30,IT Support,59,37
USG-000710,CUST-0042,2026-05-31,Orders,42,3
USG-000711,CUST-0032,2026-01-14,Marketplace,42,71
USG-000712,CUST-0123,2026-04-05,Orders,41,107
USG-000713,CUST-0097,2026-05-21,Device Fleet,56,83
USG-000714,CUST-0083,2026-04-12,Orders,42,79
USG-000715,CUST-0009,2026-06-14,Employee Offboarding,42,73
USG-000716,CUST-9999,2026-01-11,IT Support,8,93
USG-000717,CUST-0034,2026-05-08,Device Fleet,9,18
USG-000718,CUST-0039,2026-01-27,IT Support,21,92
USG-000719,CUST-0061,2026-01-24,Marketplace,47,46
USG-000720,CUST-0087,2026-01-21,Asset Audit,44,97
USG-000721,CUST-0018,2026-05-07,Asset Audit,70,8
USG-000722,CUST-0135,2026-04-17,Vendor Management,51,89
USG-000723,CUST-0040,2026-05-21,Marketplace,12,105
USG-000724,CUST-0054,2026-04-25,Orders,15,98
USG-000725,CUST-0067,2026-02-28,Orders,8,83
USG-000726,CUST-0143,2026-01-07,Device Fleet,29,62
USG-000727,CUST-0011,2026-01-11,Orders,30,20
USG-000728,CUST-0036,2026-05-09,Employee Offboarding,42,50
USG-000729,CUST-0102,2026-01-05,IT Support,38,64
USG-000730,CUST-0007,2026-06-21,Vendor Management,54,71
USG-000731,CUST-0018,2026-01-11,Orders,76,5
USG-000732,CUST-0054,2026-02-28,IT Support,63,1
USG-000733,CUST-0090,2026-06-29,Device Fleet,75,113
USG-000734,CUST-0095,2026-05-11,Marketplace,22,51
USG-000735,CUST-0055,2026-02-08,IT Support,1,118
USG-000736,CUST-0073,2026-03-10,IT Support,48,66
USG-000737,CUST-0100,2026-02-10,Marketplace,26,97
USG-000738,CUST-0066,2026-03-27,Orders,42,115
USG-000739,CUST-0067,2026-04-11,Device Fleet,37,58
USG-000740,CUST-0008,2026-04-25,IT Support,66,99
USG-000741,CUST-0104,2026-02-22,Orders,15,6
USG-000742,CUST-0100,2026-07-25,Device Fleet,27,26
USG-000743,CUST-9999,2026-07-08,Vendor Management,39,107
USG-000744,CUST-0055,2026-08-15,IT Support,39,47
USG-000745,CUST-0119,2026-01-14,Vendor Management,30,73
USG-000746,CUST-0065,2026-02-25,IT Support,4,40
USG-000747,CUST-0004,2026-02-25,Marketplace,24,111
USG-000748,CUST-0086,2026-02-22,Asset Audit,50,93
USG-000749,CUST-0084,2026-04-28,Asset Audit,78,97
USG-000750,CUST-0043,2026-08-24,Asset Audit,62,72
USG-000751,CUST-0074,2026-07-23,Vendor Management,32,10
USG-000752,CUST-0028,2026-08-15,Device Fleet,4,80
USG-000753,CUST-0013,2026-08-08,Device Fleet,36,120
USG-000754,CUST-0001,2026-03-19,Asset Audit,49,94
USG-000755,CUST-9999,2026-02-10,Device Fleet,7,48
USG-000756,CUST-0056,2026-06-15,Orders,55,95
USG-000757,CUST-0096,2026-01-20,Employee Offboarding,54,84
USG-000758,CUST-0006,2026-03-18,Marketplace,5,116
USG-000759,CUST-0031,2026-03-19,Orders,34,59
USG-000760,CUST-0053,2026-01-31,Vendor Management,4,113
USG-000761,CUST-0122,2026-02-14,Device Fleet,15,12
USG-000762,CUST-0061,2026-04-27,Marketplace,75,89
USG-000763,CUST-0143,2026-03-11,Employee Offboarding,3,90
USG-000764,CUST-0145,2026-05-03,Device Fleet,20,28
USG-000765,CUST-0017,2026-04-12,Vendor Management,49,4
USG-000766,CUST-0010,2026-05-08,Asset Audit,60,53
USG-000767,CUST-0045,2026-01-04,IT Support,6,85
USG-000768,CUST-0017,2026-07-17,Employee Offboarding,37,93
USG-000769,CUST-0123,2026-02-21,Marketplace,35,4
USG-000770,CUST-0070,2026-08-12,Orders,31,89
USG-000771,CUST-0115,2026-07-27,Device Fleet,6,112
USG-000772,CUST-0145,2026-08-02,Marketplace,56,72
USG-000773,CUST-0126,2026-07-22,Orders,7,37
USG-000774,CUST-0094,2026-01-23,IT Support,48,59
USG-000775,CUST-0121,2026-05-20,Orders,48,85
USG-000776,CUST-0096,2026-07-05,IT Support,70,19
USG-000777,CUST-0083,2026-07-08,Vendor Management,45,53
USG-000778,CUST-0045,2026-05-29,Asset Audit,48,60
USG-000779,CUST-0089,2026-07-16,Employee Offboarding,19,105
USG-000780,CUST-0127,2026-06-22,IT Support,53,47
USG-000781,CUST-0111,2026-01-23,IT Support,33,114
USG-000782,CUST-0036,2026-03-27,Employee Offboarding,60,58
USG-000783,CUST-0139,2026-08-09,Vendor Management,22,114
USG-000784,CUST-0011,2026-03-29,IT Support,19,77
USG-000785,CUST-0088,2026-05-19,Vendor Management,21,109
USG-000786,CUST-9999,2026-02-05,Marketplace,27,106
USG-000787,CUST-0102,2026-01-21,Marketplace,54,113
USG-000788,CUST-0029,2026-05-09,IT Support,6,67
USG-000789,CUST-0027,2026-05-28,Device Fleet,33,120
USG-000790,CUST-0141,2026-06-20,Orders,30,88
USG-000791,CUST-0086,2026-05-06,Device Fleet,42,94
USG-000792,CUST-0096,2026-05-21,Asset Audit,67,85
USG-000793,CUST-0101,2026-02-26,IT Support,45,96
USG-000794,CUST-0105,2026-06-26,Marketplace,14,29
USG-000795,CUST-0117,2026-02-09,Marketplace,25,92
USG-000796,CUST-0001,2026-08-17,Marketplace,65,103
USG-000797,CUST-0028,2026-05-07,Orders,10,89
USG-000798,CUST-0079,2026-03-03,Marketplace,52,39
USG-000799,CUST-0054,2026-05-19,Vendor Management,13,105
USG-000800,CUST-0049,2026-01-07,Device Fleet,4,38
USG-000801,CUST-0031,2026-02-23,Orders,10,9
USG-000802,CUST-0065,2026-04-26,Device Fleet,55,46
USG-000803,CUST-0104,2026-01-03,Vendor Management,77,39
USG-000804,CUST-0088,2026-04-10,Employee Offboarding,27,39
USG-000805,CUST-0110,2026-06-08,IT Support,62,82
USG-000806,CUST-0011,2026-06-23,Asset Audit,5,64
USG-000807,CUST-0082,2026-03-31,Device Fleet,33,90
USG-000808,CUST-0122,2026-08-09,Marketplace,50,97
USG-000809,CUST-0138,2026-07-17,Device Fleet,55,89
USG-000810,CUST-0090,2026-08-31,Vendor Management,63,4
USG-000811,CUST-0098,2026-01-10,Asset Audit,12,61
USG-000812,CUST-0065,2026-05-20,Device Fleet,11,32
USG-000813,CUST-0025,2026-04-27,Asset Audit,44,31
USG-000814,CUST-0121,2026-01-09,Employee Offboarding,40,71
USG-000815,CUST-0116,2026-02-25,IT Support,53,13
USG-000816,CUST-0003,2026-06-25,Orders,76,111
USG-000817,CUST-0008,2026-08-28,IT Support,57,9
USG-000818,CUST-0129,2026-02-16,Asset Audit,36,90
USG-000819,CUST-0145,2026-04-10,Marketplace,69,84
USG-000820,CUST-0013,2026-03-06,IT Support,16,90
USG-000821,CUST-0133,2026-05-06,Orders,58,38
USG-000822,CUST-0042,2026-01-11,Employee Offboarding,77,43
USG-000823,CUST-0110,2026-01-29,Vendor Management,20,108
USG-000824,CUST-0020,2026-02-20,Asset Audit,63,32
USG-000825,CUST-0002,2026-04-10,Marketplace,23,99
USG-000826,CUST-0097,2026-01-12,Employee Offboarding,24,29
USG-000827,CUST-0088,2026-08-10,Vendor Management,75,109
USG-000828,CUST-0127,2026-02-28,Vendor Management,57,104
USG-000829,CUST-0030,2026-01-26,Orders,18,17
USG-000830,CUST-0145,2026-01-07,Asset Audit,64,47
USG-000831,CUST-0111,2026-01-06,Vendor Management,68,115
USG-000832,CUST-0095,2026-06-12,IT Support,14,54
USG-000833,CUST-0122,2026-01-09,Employee Offboarding,56,72
USG-000834,CUST-0109,2026-01-18,Device Fleet,12,34
USG-000835,CUST-0092,2026-05-02,Asset Audit,65,118
USG-000836,CUST-0063,2026-08-21,Orders,16,4
USG-000837,CUST-0042,2026-01-23,IT Support,24,86
USG-000838,CUST-0051,2026-04-25,Vendor Management,70,48
USG-000839,CUST-0143,2026-03-09,Asset Audit,9,102
USG-000840,CUST-0048,2026-05-30,Asset Audit,15,72
USG-000841,CUST-0011,2026-03-01,Orders,19,39
USG-000842,CUST-0035,2026-07-11,Vendor Management,51,2
USG-000843,CUST-0096,2026-01-16,IT Support,2,15
USG-000844,CUST-0135,2026-06-20,Employee Offboarding,75,68
USG-000845,CUST-0003,2026-03-19,Marketplace,18,41
USG-000846,CUST-0063,2026-08-09,Asset Audit,28,25
USG-000847,CUST-0122,2026-05-03,Asset Audit,28,13
USG-000848,CUST-0045,2026-04-10,IT Support,70,110
USG-000849,CUST-0019,2026-02-07,Vendor Management,17,110
USG-000850,CUST-0131,2026-02-07,Marketplace,9,62
USG-000851,CUST-0132,2026-01-19,IT Support,22,32
USG-000852,CUST-0106,2026-08-03,Vendor Management,47,29
USG-000853,CUST-0068,2026-04-15,Device Fleet,56,6
USG-000854,CUST-0083,2026-07-19,Asset Audit,4,25
USG-000855,CUST-0096,2026-04-11,Asset Audit,78,108
USG-000856,CUST-0058,2026-07-11,Orders,62,79
USG-000857,CUST-0131,2026-08-16,Asset Audit,21,31
USG-000858,CUST-0134,2026-03-15,Asset Audit,10,56
USG-000859,CUST-0008,2026-04-17,Device Fleet,72,11
USG-000860,CUST-0038,2026-07-17,Vendor Management,6,48
USG-000861,CUST-0072,2026-04-11,Employee Offboarding,60,84
USG-000862,CUST-0088,2026-03-19,Marketplace,69,78
USG-000863,CUST-0084,2026-08-24,Employee Offboarding,61,66
USG-000864,CUST-0125,2026-04-09,Marketplace,76,89
USG-000865,CUST-0144,2026-08-25,Vendor Management,78,77
USG-000866,CUST-9999,2026-02-05,Asset Audit,44,12
USG-000867,CUST-0126,2026-03-29,IT Support,67,79
USG-000868,CUST-0017,2026-03-06,Vendor Management,35,120
USG-000869,CUST-0070,2026-08-12,Employee Offboarding,77,66
USG-000870,CUST-0059,2026-03-22,Employee Offboarding,31,73
USG-000871,CUST-0049,2026-03-31,Employee Offboarding,25,106
USG-000872,CUST-0086,2026-05-13,Vendor Management,53,36
USG-000873,CUST-0068,2026-06-03,Asset Audit,25,99
USG-000874,CUST-0036,2026-07-25,Marketplace,38,25
USG-000875,CUST-0093,2026-07-02,IT Support,71,42
USG-000876,CUST-0053,2026-07-24,Asset Audit,75,67
USG-000877,CUST-0045,2026-01-31,Vendor Management,38,82
USG-000878,CUST-0064,2026-02-22,IT Support,44,24
USG-000879,CUST-0128,2026-04-06,Orders,51,62
USG-000880,CUST-0070,2026-08-27,IT Support,59,69
USG-000881,CUST-0088,2026-02-07,Employee Offboarding,78,10
USG-000882,CUST-0065,2026-02-01,Asset Audit,71,51
USG-000883,CUST-0001,2026-01-18,Orders,33,119
USG-000884,CUST-0127,2026-04-27,IT Support,75,106
USG-000885,CUST-0071,2026-05-11,IT Support,54,26
USG-000886,CUST-0069,2026-01-14,Asset Audit,63,77
USG-000887,CUST-0028,2026-05-02,Asset Audit,50,41
USG-000888,CUST-0031,2026-02-05,Orders,16,47
USG-000889,CUST-0014,2026-01-11,Marketplace,9,36
USG-000890,CUST-0028,2026-05-21,IT Support,35,17
USG-000891,CUST-0025,2026-08-25,Vendor Management,55,27
USG-000892,CUST-0011,2026-08-17,Vendor Management,73,8
USG-000893,CUST-0003,2026-01-29,Employee Offboarding,80,93
USG-000894,CUST-0071,2026-03-14,Asset Audit,31,30
USG-000895,CUST-0057,2026-06-08,IT Support,74,97
USG-000896,CUST-0069,2026-08-26,IT Support,46,108
USG-000897,CUST-0061,2026-02-08,Device Fleet,71,75
USG-000898,CUST-0082,2026-07-15,Orders,22,104
USG-000899,CUST-0099,2026-02-22,IT Support,79,3
USG-000900,CUST-0042,2026-01-24,IT Support,79,35
USG-000901,CUST-0125,2026-02-01,Device Fleet,32,109
USG-000902,CUST-0105,2026-02-26,Orders,59,79
USG-000903,CUST-0043,2026-08-17,Orders,29,36
USG-000904,CUST-0028,2026-01-01,Orders,40,56
USG-000905,CUST-9999,2026-08-09,IT Support,50,58
USG-000906,CUST-0055,2026-03-01,Device Fleet,11,53
USG-000907,CUST-0114,2026-04-24,Orders,50,109
USG-000908,CUST-0098,2026-01-06,IT Support,35,27
USG-000909,CUST-0126,2026-04-22,Marketplace,68,44
USG-000910,CUST-0083,2026-01-06,Asset Audit,65,79
USG-000911,CUST-0100,2026-08-03,Asset Audit,78,27
USG-000912,CUST-0096,2026-02-06,Vendor Management,10,77
USG-000913,CUST-0097,2026-02-13,Marketplace,52,27
USG-000914,CUST-0056,2026-03-22,Employee Offboarding,52,36
USG-000915,CUST-0064,2026-07-03,Employee Offboarding,30,49
USG-000916,CUST-0121,2026-01-07,Vendor Management,73,32
USG-000917,CUST-0017,2026-04-26,Vendor Management,3,50
USG-000918,CUST-9999,2026-03-30,Employee Offboarding,49,3
USG-000919,CUST-0126,2026-04-22,Vendor Management,58,117
USG-000920,CUST-0109,2026-01-23,Asset Audit,33,45
USG-000921,CUST-0059,2026-03-10,Employee Offboarding,34,62
USG-000922,CUST-0041,2026-02-13,Orders,75,83
USG-000923,CUST-0133,2026-06-03,IT Support,26,109
USG-000924,CUST-0010,2026-04-08,Employee Offboarding,7,98
USG-000925,CUST-0059,2026-01-24,Vendor Management,21,12
USG-000926,CUST-0142,2026-01-13,Employee Offboarding,11,68
USG-000927,CUST-0066,2026-04-26,Orders,38,19
USG-000928,CUST-0112,2026-03-13,Marketplace,24,30
USG-000929,CUST-0105,2026-03-21,Orders,67,9
USG-000930,CUST-0060,2026-08-12,Device Fleet,80,7
USG-000931,CUST-9999,2026-06-17,Marketplace,23,37
USG-000932,CUST-0141,2026-05-01,Asset Audit,22,31
USG-000933,CUST-0005,2026-07-26,Orders,78,92
USG-000934,CUST-0020,2026-01-18,Marketplace,13,35
USG-000935,CUST-0046,2026-05-17,Device Fleet,60,71
USG-000936,CUST-0095,2026-07-05,Orders,20,69
USG-000937,CUST-0048,2026-03-04,Marketplace,2,42
USG-000938,CUST-0044,2026-07-16,Employee Offboarding,66,105
USG-000939,CUST-0006,2026-05-09,IT Support,8,51
USG-000940,CUST-0035,2026-02-12,Device Fleet,61,20
USG-000941,CUST-0034,2026-03-03,Marketplace,78,107
USG-000942,CUST-0095,2026-05-27,Marketplace,36,60
USG-000943,CUST-0063,2026-04-27,Orders,15,92
USG-000944,CUST-0064,2026-02-11,Vendor Management,78,97
USG-000945,CUST-0011,2026-01-18,Asset Audit,18,1
USG-000946,CUST-0074,2026-04-28,IT Support,63,87
USG-000947,CUST-0102,2026-05-21,IT Support,52,114
USG-000948,CUST-0135,2026-04-30,Vendor Management,67,46
USG-000949,CUST-9999,2026-07-03,Marketplace,52,97
USG-000950,CUST-0065,2026-05-15,Asset Audit,22,65
USG-000951,CUST-0128,2026-02-02,Marketplace,5,27
USG-000952,CUST-0019,2026-06-03,Employee Offboarding,39,15
USG-000953,CUST-0106,2026-04-08,Asset Audit,39,48
USG-000954,CUST-0007,2026-03-22,Asset Audit,26,97
USG-000955,CUST-0005,2026-02-25,Asset Audit,19,58
USG-000956,CUST-0036,2026-06-16,Marketplace,39,51
USG-000957,CUST-0063,2026-02-06,Device Fleet,30,116
USG-000958,CUST-0113,2026-03-06,Asset Audit,52,60
USG-000959,CUST-0120,2026-04-06,Orders,60,17
USG-000960,CUST-0107,2026-01-14,Orders,19,115
USG-000961,CUST-0026,2026-03-17,Employee Offboarding,7,45
USG-000962,CUST-0120,2026-08-21,Asset Audit,56,10
USG-000963,CUST-0076,2026-04-01,Marketplace,66,71
USG-000964,CUST-0123,2026-01-11,Marketplace,62,9
USG-000965,CUST-0091,2026-03-26,Orders,40,119
USG-000966,CUST-0130,2026-02-12,Device Fleet,13,19
USG-000967,CUST-0144,2026-03-11,Device Fleet,4,66
USG-000968,CUST-0056,2026-06-11,IT Support,48,4
USG-000969,CUST-0115,2026-04-14,Employee Offboarding,79,59
USG-000970,CUST-0089,2026-06-09,Employee Offboarding,37,48
USG-000971,CUST-0014,2026-07-25,IT Support,75,16
USG-000972,CUST-0113,2026-07-14,Asset Audit,56,98
USG-000973,CUST-0132,2026-01-10,Vendor Management,71,94
USG-000974,CUST-0145,2026-05-10,Device Fleet,20,120
USG-000975,CUST-0097,2026-03-26,Vendor Management,57,94
USG-000976,CUST-0069,2026-02-06,Orders,26,12
USG-000977,CUST-0099,2026-03-12,Asset Audit,29,6
USG-000978,CUST-0012,2026-03-19,Device Fleet,18,25
USG-000979,CUST-0108,2026-05-26,Orders,54,103
USG-000980,CUST-0039,2026-04-20,IT Support,73,33
USG-000981,CUST-0054,2026-01-01,Device Fleet,21,110
USG-000982,CUST-0010,2026-03-09,Vendor Management,62,101
USG-000983,CUST-0017,2026-02-26,Asset Audit,22,119
USG-000984,CUST-0127,2026-01-30,Device Fleet,59,104
USG-000985,CUST-0088,2026-06-07,Vendor Management,48,109
USG-000986,CUST-0121,2026-09-02,Employee Offboarding,74,72
USG-000987,CUST-0141,2026-08-16,Marketplace,43,81
USG-000988,CUST-0084,2026-05-15,Orders,76,67
USG-000989,CUST-0072,2026-07-26,IT Support,32,29
USG-000990,CUST-0006,2026-04-22,Asset Audit,35,43
USG-000991,CUST-0131,2026-03-18,Asset Audit,52,7
USG-000992,CUST-0077,2026-07-25,Marketplace,33,14
USG-000993,CUST-0038,2026-05-23,Orders,29,113
USG-000994,CUST-0064,2026-04-29,Orders,13,90
USG-000995,CUST-0139,2026-05-10,Employee Offboarding,53,96
USG-000996,CUST-0103,2026-04-18,IT Support,43,39
USG-000997,CUST-0021,2026-03-04,Orders,80,62
USG-000998,CUST-0017,2026-07-18,Employee Offboarding,8,56
USG-000999,CUST-0104,2026-07-28,Asset Audit,20,54
USG-001000,CUST-0122,2026-01-08,Employee Offboarding,48,16
USG-001001,CUST-0079,2026-03-02,Asset Audit,63,119
USG-001002,CUST-0102,2026-05-31,Orders,52,56
USG-001003,CUST-0061,2026-03-15,Orders,79,103
USG-001004,CUST-0043,2026-03-28,Orders,77,42
USG-001005,CUST-0097,2026-08-07,Device Fleet,13,11
USG-001006,CUST-0022,2026-07-23,Vendor Management,2,20
USG-001007,CUST-0139,2026-04-20,Asset Audit,12,120
USG-001008,CUST-0039,2026-01-14,Device Fleet,61,23
USG-001009,CUST-0009,2026-02-04,Employee Offboarding,47,87
USG-001010,CUST-0092,2026-06-20,IT Support,12,6
USG-001011,CUST-0043,2026-08-17,Employee Offboarding,43,13
USG-001012,CUST-0010,2026-05-30,Device Fleet,6,79
USG-001013,CUST-0001,2026-07-30,Orders,22,115
USG-001014,CUST-0101,2026-07-30,Asset Audit,14,35
USG-001015,CUST-0075,2026-06-07,Marketplace,68,10
USG-001016,CUST-0073,2026-02-05,Device Fleet,60,78
USG-001017,CUST-0067,2026-02-10,Vendor Management,66,13
USG-001018,CUST-0128,2026-06-05,Orders,37,5
USG-001019,CUST-0101,2026-08-07,Employee Offboarding,21,89
USG-001020,CUST-0122,2026-07-27,Asset Audit,46,66
USG-001021,CUST-0079,2026-03-17,Vendor Management,52,54
USG-001022,CUST-0061,2026-07-23,Marketplace,40,86
USG-001023,CUST-0084,2026-02-23,Orders,60,20
USG-001024,CUST-0040,2026-01-10,Device Fleet,8,76
USG-001025,CUST-0031,2026-02-07,Device Fleet,58,17
USG-001026,CUST-0039,2026-07-05,Device Fleet,37,99
USG-001027,CUST-0086,2026-06-26,Employee Offboarding,75,31
USG-001028,CUST-0124,2026-04-22,Asset Audit,16,120
USG-001029,CUST-0142,2026-07-06,IT Support,39,120
USG-001030,CUST-0054,2026-08-18,Asset Audit,5,47
USG-001031,CUST-0041,2026-04-11,Orders,45,9
USG-001032,CUST-0013,2026-01-09,Marketplace,33,50
USG-001033,CUST-0048,2026-07-28,Asset Audit,60,85
USG-001034,CUST-0102,2026-07-20,Vendor Management,42,58
USG-001035,CUST-0035,2026-07-28,Employee Offboarding,55,85
USG-001036,CUST-0081,2026-08-23,Marketplace,73,112
USG-001037,CUST-0048,2026-01-02,Marketplace,22,33
USG-001038,CUST-0107,2026-01-24,Asset Audit,43,19
USG-001039,CUST-0011,2026-08-15,Orders,31,66
USG-001040,CUST-0127,2026-03-13,Orders,24,54
USG-001041,CUST-0010,2026-07-17,Device Fleet,47,92
USG-001042,CUST-0088,2026-07-24,IT Support,48,44
USG-001043,CUST-0001,2026-01-27,Asset Audit,65,26
USG-001044,CUST-0055,2026-02-07,Employee Offboarding,65,36
USG-001045,CUST-0136,2026-04-11,IT Support,76,79
USG-001046,CUST-0051,2026-04-22,Marketplace,6,59
USG-001047,CUST-0141,2026-03-16,IT Support,59,6
USG-001048,CUST-0073,2026-03-27,Device Fleet,53,76
USG-001049,CUST-0017,2026-05-02,Marketplace,54,119
USG-001050,CUST-0119,2026-08-23,IT Support,74,30
USG-001051,CUST-0081,2026-08-02,IT Support,29,58
USG-001052,CUST-0068,2026-03-18,Vendor Management,5,105
USG-001053,CUST-0059,2026-06-21,IT Support,33,51
USG-001054,CUST-0068,2026-01-02,IT Support,30,6
USG-001055,CUST-0057,2026-09-01,Marketplace,58,31
USG-001056,CUST-0102,2026-01-01,Asset Audit,7,10
USG-001057,CUST-0071,2026-05-18,Marketplace,70,54
USG-001058,CUST-0005,2026-05-09,Marketplace,40,99
USG-001059,CUST-0014,2026-05-08,IT Support,28,69
USG-001060,CUST-0142,2026-03-15,Marketplace,15,110
USG-001061,CUST-0061,2026-08-25,Asset Audit,72,93
USG-001062,CUST-0085,2026-02-15,IT Support,26,2
USG-001063,CUST-0110,2026-01-21,Employee Offboarding,32,62
USG-001064,CUST-0006,2026-01-26,Orders,34,22
USG-001065,CUST-0075,2026-06-21,Employee Offboarding,54,21
USG-001066,CUST-0110,2026-02-22,Vendor Management,21,47
USG-001067,CUST-0025,2026-07-15,Employee Offboarding,40,70
USG-001068,CUST-0141,2026-06-13,Device Fleet,10,20
USG-001069,CUST-0032,2026-08-07,Device Fleet,31,9
USG-001070,CUST-0070,2026-02-15,Device Fleet,58,44
USG-001071,CUST-0032,2026-05-09,Marketplace,69,60
USG-001072,CUST-0131,2026-02-01,Asset Audit,79,36
USG-001073,CUST-0022,2026-04-02,Marketplace,12,46
USG-001074,CUST-0046,2026-04-10,Marketplace,25,70
USG-001075,CUST-0065,2026-07-05,Device Fleet,80,103
USG-001076,CUST-0023,2026-01-17,Orders,19,44
USG-001077,CUST-0042,2026-05-14,Marketplace,69,25
USG-001078,CUST-0123,2026-08-25,Marketplace,45,4
USG-001079,CUST-0088,2026-08-07,Asset Audit,56,14
USG-001080,CUST-0132,2026-07-18,Marketplace,52,28
USG-001081,CUST-0043,2026-02-18,IT Support,62,100
USG-001082,CUST-0018,2026-07-10,Orders,64,72
USG-001083,CUST-0118,2026-04-10,Employee Offboarding,48,26
USG-001084,CUST-0011,2026-01-10,Asset Audit,25,1
USG-001085,CUST-9999,2026-04-01,Device Fleet,48,84
USG-001086,CUST-0087,2026-04-17,Vendor Management,1,41
USG-001087,CUST-0119,2026-01-22,Orders,13,77
USG-001088,CUST-0134,2026-05-24,Marketplace,15,76
USG-001089,CUST-0035,2026-05-02,Asset Audit,71,71
USG-001090,CUST-0088,2026-01-31,IT Support,5,101
USG-001091,CUST-0082,2026-03-04,Employee Offboarding,69,106
USG-001092,CUST-0109,2026-03-17,Device Fleet,14,8
USG-001093,CUST-0077,2026-06-20,Orders,34,105
USG-001094,CUST-0098,2026-02-09,Employee Offboarding,44,109
USG-001095,CUST-0106,2026-01-20,IT Support,47,10
USG-001096,CUST-0128,2026-03-20,Vendor Management,39,53
USG-001097,CUST-0006,2026-01-07,Employee Offboarding,42,24
USG-001098,CUST-0024,2026-08-11,Orders,68,78
USG-001099,CUST-0026,2026-04-03,Device Fleet,13,34
USG-001100,CUST-0086,2026-03-23,Device Fleet,24,74
USG-001101,CUST-0055,2026-05-30,Marketplace,11,30
USG-001102,CUST-0013,2026-03-12,Employee Offboarding,71,97
USG-001103,CUST-0139,2026-08-22,Marketplace,11,104
USG-001104,CUST-0141,2026-08-28,IT Support,70,39
USG-001105,CUST-0142,2026-06-18,Employee Offboarding,13,115
USG-001106,CUST-0104,2026-07-12,Device Fleet,40,118
USG-001107,CUST-0108,2026-01-24,Vendor Management,43,35
USG-001108,CUST-0014,2026-02-05,Device Fleet,13,76
USG-001109,CUST-0002,2026-01-28,Asset Audit,6,61
USG-001110,CUST-0093,2026-04-14,IT Support,14,34
USG-001111,CUST-0041,2026-06-01,IT Support,32,11
USG-001112,CUST-0086,2026-02-13,Orders,73,90
USG-001113,CUST-0027,2026-06-11,Marketplace,3,61
USG-001114,CUST-0056,2026-07-06,Vendor Management,17,22
USG-001115,CUST-0131,2026-03-03,Asset Audit,1,88
USG-001116,CUST-0134,2026-08-13,Employee Offboarding,74,102
USG-001117,CUST-0049,2026-05-07,IT Support,31,8
USG-001118,CUST-0111,2026-02-24,IT Support,50,25
USG-001119,CUST-0136,2026-03-16,Employee Offboarding,18,52
USG-001120,CUST-0106,2026-08-22,IT Support,37,35
USG-001121,CUST-0064,2026-06-07,Marketplace,16,91
USG-001122,CUST-0108,2026-03-07,Vendor Management,78,64
USG-001123,CUST-0001,2026-01-30,Asset Audit,76,25
USG-001124,CUST-0065,2026-06-26,Orders,74,24
USG-001125,CUST-9999,2026-01-31,Vendor Management,32,17
USG-001126,CUST-0011,2026-03-01,Orders,6,94
USG-001127,CUST-0019,2026-06-25,Asset Audit,18,28
USG-001128,CUST-0071,2026-01-29,IT Support,1,84
USG-001129,CUST-0054,2026-07-03,Device Fleet,2,53
USG-001130,CUST-0028,2026-03-29,Orders,58,19
USG-001131,CUST-0038,2026-07-05,Vendor Management,16,112
USG-001132,CUST-0095,2026-03-25,Asset Audit,49,85
USG-001133,CUST-0133,2026-06-24,Employee Offboarding,57,85
USG-001134,CUST-0052,2026-08-08,Vendor Management,19,27
USG-001135,CUST-0100,2026-04-01,Orders,32,63
USG-001136,CUST-0126,2026-08-31,Employee Offboarding,56,7
USG-001137,CUST-0065,2026-01-01,Asset Audit,60,21
USG-001138,CUST-0016,2026-07-20,Marketplace,8,96
USG-001139,CUST-0118,2026-05-15,Employee Offboarding,27,53
USG-001140,CUST-0029,2026-08-14,Employee Offboarding,19,37
USG-001141,CUST-0072,2026-02-15,Asset Audit,2,61
USG-001142,CUST-0136,2026-01-17,IT Support,59,45
USG-001143,CUST-0078,2026-06-14,Orders,58,26
USG-001144,CUST-0071,2026-08-03,Asset Audit,50,35
USG-001145,CUST-0042,2026-05-03,Orders,57,116
USG-001146,CUST-0035,2026-01-05,Marketplace,31,83
USG-001147,CUST-0125,2026-04-09,Orders,71,66
USG-001148,CUST-0038,2026-01-29,Employee Offboarding,48,67
USG-001149,CUST-0066,2026-06-26,Device Fleet,35,111
USG-001150,CUST-0133,2026-07-24,Employee Offboarding,52,3
USG-001151,CUST-0017,2026-05-26,Device Fleet,31,116
USG-001152,CUST-0073,2026-03-06,Marketplace,32,97
USG-001153,CUST-0143,2026-08-08,IT Support,74,103
USG-001154,CUST-0136,2026-08-24,Orders,64,68
USG-001155,CUST-0001,2026-02-08,Device Fleet,42,99
USG-001156,CUST-0142,2026-04-18,IT Support,44,1
USG-001157,CUST-0124,2026-02-19,Orders,14,94
USG-001158,CUST-0079,2026-07-04,Marketplace,55,33
USG-001159,CUST-0070,2026-05-31,Orders,52,86
USG-001160,CUST-0145,2026-05-25,Employee Offboarding,13,49
USG-001161,CUST-0121,2026-06-09,Orders,32,42
USG-001162,CUST-0012,2026-08-08,Employee Offboarding,46,61
USG-001163,CUST-0062,2026-05-17,Employee Offboarding,64,30
USG-001164,CUST-0111,2026-05-24,Device Fleet,10,14
USG-001165,CUST-0145,2026-08-18,Orders,30,53
USG-001166,CUST-0012,2026-02-22,Asset Audit,53,69
USG-001167,CUST-0019,2026-01-27,Vendor Management,71,57
USG-001168,CUST-0035,2026-02-26,Vendor Management,28,28
USG-001169,CUST-0095,2026-01-25,Device Fleet,33,2
USG-001170,CUST-0105,2026-01-31,Employee Offboarding,76,114
USG-001171,CUST-0116,2026-08-17,Orders,12,44
USG-001172,CUST-0061,2026-06-06,Device Fleet,12,104
USG-001173,CUST-0065,2026-07-22,IT Support,69,96
USG-001174,CUST-0062,2026-01-12,Asset Audit,36,70
USG-001175,CUST-0043,2026-06-18,Marketplace,1,119
USG-001176,CUST-0126,2026-07-29,Orders,53,114
USG-001177,CUST-0085,2026-01-26,Device Fleet,65,75
USG-001178,CUST-0059,2026-08-25,IT Support,36,1
USG-001179,CUST-0110,2026-06-28,Employee Offboarding,46,97
USG-001180,CUST-0116,2026-05-23,Vendor Management,22,4
USG-001181,CUST-0025,2026-06-10,IT Support,3,86
USG-001182,CUST-0071,2026-02-19,Orders,21,30
USG-001183,CUST-0012,2026-07-07,Orders,26,106
USG-001184,CUST-0054,2026-02-20,Orders,38,59
USG-001185,CUST-0016,2026-06-19,Asset Audit,29,80
USG-001186,CUST-0035,2026-01-09,Device Fleet,27,47
USG-001187,CUST-0077,2026-08-02,Vendor Management,56,20
USG-001188,CUST-0017,2026-08-02,Orders,61,49
USG-001189,CUST-0002,2026-02-13,Employee Offboarding,5,69
USG-001190,CUST-0045,2026-06-25,Marketplace,54,14
USG-001191,CUST-0022,2026-07-15,Orders,28,10
USG-001192,CUST-0040,2026-04-17,Device Fleet,56,30
USG-001193,CUST-0043,2026-03-10,Vendor Management,67,92
USG-001194,CUST-0143,2026-08-15,Vendor Management,68,116
USG-001195,CUST-9999,2026-03-26,Asset Audit,21,107
USG-001196,CUST-0137,2026-06-19,IT Support,28,58
USG-001197,CUST-0109,2026-02-14,IT Support,57,36
USG-001198,CUST-0081,2026-03-08,IT Support,28,119
USG-001199,CUST-0006,2026-02-20,Asset Audit,38,49
USG-001200,CUST-0138,2026-04-30,Device Fleet,75,15
USG-001201,CUST-0033,2026-08-19,Device Fleet,30,95
USG-001202,CUST-0137,2026-09-01,Marketplace,15,72
USG-001203,CUST-0123,2026-04-12,Vendor Management,75,92
USG-001204,CUST-0035,2026-01-14,IT Support,24,69
USG-001205,CUST-0060,2026-07-24,Orders,31,117
USG-001206,CUST-0013,2026-05-11,Marketplace,78,70
USG-001207,CUST-0019,2026-03-03,IT Support,71,11
USG-001208,CUST-0087,2026-05-15,IT Support,12,34
USG-001209,CUST-0067,2026-03-27,IT Support,18,106
USG-001210,CUST-0046,2026-01-12,Asset Audit,63,109
USG-001211,CUST-0053,2026-02-05,Marketplace,29,90
USG-001212,CUST-0023,2026-05-13,Orders,80,57
USG-001213,CUST-0019,2026-04-19,Vendor Management,70,11
USG-001214,CUST-0083,2026-04-28,Orders,36,109
USG-001215,CUST-0087,2026-01-08,Device Fleet,2,100
USG-001216,CUST-0007,2026-07-18,Vendor Management,4,111
USG-001217,CUST-0008,2026-01-22,Employee Offboarding,22,97
USG-001218,CUST-9999,2026-01-21,Device Fleet,25,62
USG-001219,CUST-0026,2026-04-23,Marketplace,69,83
USG-001220,CUST-0096,2026-01-15,Marketplace,78,4
USG-001221,CUST-0039,2026-04-01,Employee Offboarding,49,87
USG-001222,CUST-0030,2026-07-23,IT Support,38,97
USG-001223,CUST-0075,2026-03-08,Orders,11,70
USG-001224,CUST-0038,2026-06-03,Vendor Management,74,70
USG-001225,CUST-0123,2026-03-15,Asset Audit,67,117
USG-001226,CUST-0020,2026-02-08,Orders,37,65
USG-001227,CUST-0011,2026-03-22,Asset Audit,61,6
USG-001228,CUST-0130,2026-04-22,Asset Audit,4,6
USG-001229,CUST-0013,2026-01-01,Vendor Management,34,114
USG-001230,CUST-0063,2026-04-07,Employee Offboarding,44,12
USG-001231,CUST-0093,2026-07-05,IT Support,36,68
USG-001232,CUST-0039,2026-04-14,Asset Audit,73,16
USG-001233,CUST-0061,2026-04-16,Orders,35,66
USG-001234,CUST-0059,2026-03-24,Employee Offboarding,7,47
USG-001235,CUST-0080,2026-07-30,Orders,74,49
USG-001236,CUST-0011,2026-05-22,Vendor Management,6,81
USG-001237,CUST-0121,2026-01-14,Asset Audit,27,31
USG-001238,CUST-0106,2026-06-04,Marketplace,79,72
USG-001239,CUST-0118,2026-06-08,Employee Offboarding,3,99
USG-001240,CUST-0135,2026-02-17,Orders,9,8
USG-001241,CUST-0069,2026-07-25,Device Fleet,16,111
USG-001242,CUST-0101,2026-03-06,Marketplace,68,16
USG-001243,CUST-0143,2026-08-23,IT Support,1,34
USG-001244,CUST-0067,2026-08-08,Vendor Management,23,71
USG-001245,CUST-0122,2026-05-08,Orders,67,25
USG-001246,CUST-0097,2026-07-03,Marketplace,25,68
USG-001247,CUST-0017,2026-04-13,Employee Offboarding,32,20
USG-001248,CUST-0017,2026-02-06,Vendor Management,52,80
USG-001249,CUST-0076,2026-07-05,Orders,67,74
USG-001250,CUST-0079,2026-04-15,Employee Offboarding,21,3
USG-001251,CUST-0063,2026-08-14,Asset Audit,17,48
USG-001252,CUST-0136,2026-04-21,Orders,14,40
USG-001253,CUST-0065,2026-01-22,Asset Audit,6,106
USG-001254,CUST-0100,2026-03-16,Vendor Management,50,21
USG-001255,CUST-0091,2026-08-31,Marketplace,48,97
USG-001256,CUST-0075,2026-08-10,Marketplace,6,24
USG-001257,CUST-0104,2026-07-21,Orders,48,44
USG-001258,CUST-0140,2026-06-24,Orders,38,25
USG-001259,CUST-0006,2026-06-21,Device Fleet,61,49
USG-001260,CUST-0079,2026-04-16,Marketplace,36,111
USG-001261,CUST-0075,2026-05-12,IT Support,68,65
USG-001262,CUST-0006,2026-07-17,Orders,14,48
USG-001263,CUST-0062,2026-05-23,Vendor Management,65,67
USG-001264,CUST-0046,2026-08-01,Employee Offboarding,43,93
USG-001265,CUST-0035,2026-04-30,IT Support,8,87
USG-001266,CUST-0088,2026-01-10,Employee Offboarding,8,110
USG-001267,CUST-0075,2026-03-03,Orders,28,27
USG-001268,CUST-0091,2026-02-19,Marketplace,68,33
USG-001269,CUST-0081,2026-08-15,Vendor Management,16,51
USG-001270,CUST-0057,2026-07-26,Orders,14,12
USG-001271,CUST-0025,2026-07-02,IT Support,59,68
USG-001272,CUST-0120,2026-07-04,Marketplace,16,70
USG-001273,CUST-0013,2026-06-05,Orders,31,76
USG-001274,CUST-0024,2026-06-11,Vendor Management,26,64
USG-001275,CUST-0056,2026-02-04,Asset Audit,42,29
USG-001276,CUST-0011,2026-08-14,Asset Audit,5,93
USG-001277,CUST-0020,2026-09-02,Device Fleet,79,98
USG-001278,CUST-0130,2026-05-08,Marketplace,42,50
USG-001279,CUST-0025,2026-04-29,IT Support,53,100
USG-001280,CUST-0142,2026-07-04,Marketplace,68,115
USG-001281,CUST-0003,2026-01-03,Orders,27,106
USG-001282,CUST-0007,2026-07-27,Device Fleet,76,14
USG-001283,CUST-0086,2026-07-19,Asset Audit,15,71
USG-001284,CUST-0033,2026-08-03,IT Support,68,119
USG-001285,CUST-0004,2026-03-04,Vendor Management,49,43
USG-001286,CUST-0121,2026-06-13,Vendor Management,64,34
USG-001287,CUST-0073,2026-07-30,IT Support,16,93
USG-001288,CUST-0107,2026-08-23,Device Fleet,80,88
USG-001289,CUST-0055,2026-04-11,Employee Offboarding,79,102
USG-001290,CUST-0089,2026-02-04,Device Fleet,10,40
USG-001291,CUST-0019,2026-07-26,Device Fleet,68,82
USG-001292,CUST-9999,2026-03-15,Device Fleet,70,38
USG-001293,CUST-0058,2026-03-01,Asset Audit,68,62
USG-001294,CUST-0088,2026-08-03,Device Fleet,76,18
USG-001295,CUST-0105,2026-02-19,Orders,21,28
USG-001296,CUST-0130,2026-02-07,Device Fleet,31,58
USG-001297,CUST-0071,2026-03-27,Employee Offboarding,54,10
USG-001298,CUST-0024,2026-03-07,Device Fleet,38,17
USG-001299,CUST-0134,2026-05-18,Asset Audit,6,107
USG-001300,CUST-0094,2026-06-11,Device Fleet,44,31
USG-001301,CUST-0127,2026-08-28,Asset Audit,55,56
USG-001302,CUST-0012,2026-05-13,Vendor Management,13,15
USG-001303,CUST-0033,2026-04-20,Marketplace,3,6
USG-001304,CUST-0050,2026-08-12,Device Fleet,67,114
USG-001305,CUST-0053,2026-04-03,Asset Audit,51,114
USG-001306,CUST-0023,2026-07-29,Marketplace,4,50
USG-001307,CUST-0040,2026-06-25,Asset Audit,10,42
USG-001308,CUST-0055,2026-01-26,Orders,28,33
USG-001309,CUST-0088,2026-04-02,Device Fleet,56,66
USG-001310,CUST-0141,2026-02-16,Asset Audit,74,14
USG-001311,CUST-0125,2026-06-10,Marketplace,63,55
USG-001312,CUST-0144,2026-06-14,Orders,80,27
USG-001313,CUST-0135,2026-08-01,Employee Offboarding,38,96
USG-001314,CUST-0011,2026-01-30,Orders,39,115
USG-001315,CUST-0142,2026-01-02,Marketplace,68,58
USG-001316,CUST-0050,2026-03-29,Employee Offboarding,31,62
USG-001317,CUST-0141,2026-07-08,IT Support,18,53
USG-001318,CUST-0012,2026-02-24,Orders,48,79
USG-001319,CUST-0032,2026-01-14,Device Fleet,48,58
USG-001320,CUST-0005,2026-06-05,Marketplace,7,65
USG-001321,CUST-0095,2026-05-25,IT Support,9,103
USG-001322,CUST-0075,2026-03-15,IT Support,24,120
USG-001323,CUST-0005,2026-07-02,Asset Audit,33,75
USG-001324,CUST-0043,2026-04-14,Marketplace,77,91
USG-001325,CUST-9999,2026-06-09,Vendor Management,54,99
USG-001326,CUST-9999,2026-07-26,Asset Audit,38,107
USG-001327,CUST-0142,2026-06-14,IT Support,77,96
USG-001328,CUST-0117,2026-01-23,IT Support,38,19
USG-001329,CUST-0138,2026-07-20,Employee Offboarding,75,50
USG-001330,CUST-9999,2026-03-05,Orders,43,73
USG-001331,CUST-0027,2026-03-17,Device Fleet,65,114
USG-001332,CUST-0080,2026-05-26,IT Support,25,23
USG-001333,CUST-0049,2026-01-28,Orders,29,38
USG-001334,CUST-0037,2026-07-18,Asset Audit,52,73
USG-001335,CUST-0144,2026-08-29,Device Fleet,53,80
USG-001336,CUST-0006,2026-05-23,Asset Audit,20,51
USG-001337,CUST-0031,2026-04-28,Marketplace,54,115
USG-001338,CUST-0008,2026-06-14,Asset Audit,23,96
USG-001339,CUST-0056,2026-03-21,IT Support,30,67
USG-001340,CUST-0057,2026-03-25,Vendor Management,78,117
USG-001341,CUST-0093,2026-06-16,Orders,67,18
USG-001342,CUST-0144,2026-07-13,Device Fleet,37,106
USG-001343,CUST-0001,2026-08-18,Employee Offboarding,53,114
USG-001344,CUST-0031,2026-02-06,Vendor Management,73,79
USG-001345,CUST-0112,2026-03-29,Device Fleet,71,103
USG-001346,CUST-0038,2026-04-14,IT Support,46,70
USG-001347,CUST-0038,2026-04-22,Vendor Management,35,12
USG-001348,CUST-0141,2026-04-08,IT Support,49,45
USG-001349,CUST-0105,2026-06-11,Device Fleet,28,2
USG-001350,CUST-0144,2026-05-04,Marketplace,55,13
USG-001351,CUST-0038,2026-07-16,Orders,68,41
USG-001352,CUST-9999,2026-03-28,Marketplace,16,33
USG-001353,CUST-0050,2026-07-18,Employee Offboarding,52,70
USG-001354,CUST-0039,2026-03-03,IT Support,40,109
USG-001355,CUST-0131,2026-03-11,Vendor Management,6,110
USG-001356,CUST-0008,2026-08-02,Orders,62,97
USG-001357,CUST-0058,2026-01-01,Device Fleet,66,56
USG-001358,CUST-0101,2026-08-21,Asset Audit,9,8
USG-001359,CUST-0030,2026-08-02,Marketplace,50,65
USG-001360,CUST-0052,2026-01-20,Device Fleet,25,105
USG-001361,CUST-0086,2026-07-30,Marketplace,4,7
USG-001362,CUST-0017,2026-04-07,IT Support,8,79
USG-001363,CUST-0072,2026-01-21,Employee Offboarding,78,10
USG-001364,CUST-0083,2026-01-14,Asset Audit,53,100
USG-001365,CUST-0046,2026-08-09,Vendor Management,67,26
USG-001366,CUST-9999,2026-09-01,Asset Audit,53,81
USG-001367,CUST-0037,2026-01-13,Vendor Management,48,29
USG-001368,CUST-0072,2026-03-11,Device Fleet,64,57
USG-001369,CUST-0114,2026-06-03,Employee Offboarding,51,21
USG-001370,CUST-0015,2026-07-02,Asset Audit,18,93
USG-001371,CUST-0104,2026-07-15,Marketplace,53,86
USG-001372,CUST-0034,2026-06-02,Orders,45,3
USG-001373,CUST-0143,2026-07-24,Device Fleet,63,93
USG-001374,CUST-0122,2026-08-25,Asset Audit,7,21
USG-001375,CUST-0145,2026-06-29,IT Support,9,99
USG-001376,CUST-0068,2026-01-06,Asset Audit,68,87
USG-001377,CUST-0137,2026-03-09,Device Fleet,25,26
USG-001378,CUST-0052,2026-04-27,Orders,12,120
USG-001379,CUST-0034,2026-09-02,Employee Offboarding,46,92
USG-001380,CUST-0044,2026-02-21,Employee Offboarding,52,14
USG-001381,CUST-0120,2026-05-20,Device Fleet,60,2
USG-001382,CUST-0053,2026-08-06,Orders,14,11
USG-001383,CUST-0042,2026-01-01,Asset Audit,15,29
USG-001384,CUST-0109,2026-03-02,Marketplace,66,86
USG-001385,CUST-0082,2026-02-03,Asset Audit,64,70
USG-001386,CUST-9999,2026-03-30,Asset Audit,16,25
USG-001387,CUST-0056,2026-04-25,Device Fleet,70,38
USG-001388,CUST-0079,2026-03-09,IT Support,7,93
USG-001389,CUST-0044,2026-08-10,IT Support,42,7
USG-001390,CUST-0037,2026-08-10,Asset Audit,38,66
USG-001391,CUST-0012,2026-07-29,Device Fleet,56,36
USG-001392,CUST-0073,2026-01-14,Orders,58,27
USG-001393,CUST-0065,2026-08-01,Device Fleet,51,61
USG-001394,CUST-0137,2026-01-28,Orders,60,95
USG-001395,CUST-0128,2026-06-20,IT Support,22,118
USG-001396,CUST-0048,2026-01-20,Device Fleet,21,82
USG-001397,CUST-0024,2026-08-13,Asset Audit,76,69
USG-001398,CUST-0047,2026-01-27,Vendor Management,25,34
USG-001399,CUST-0133,2026-08-27,Asset Audit,22,74
USG-001400,CUST-0140,2026-03-29,Vendor Management,63,101
USG-001401,CUST-0113,2026-03-01,Marketplace,55,111
USG-001402,CUST-0060,2026-08-12,Marketplace,70,32
USG-001403,CUST-0030,2026-08-06,IT Support,23,70
USG-001404,CUST-0082,2026-04-15,Device Fleet,44,30
USG-001405,CUST-9999,2026-07-12,Asset Audit,3,64
USG-001406,CUST-0140,2026-07-04,Vendor Management,55,52
USG-001407,CUST-0031,2026-04-27,Asset Audit,8,52
USG-001408,CUST-0128,2026-03-02,Asset Audit,67,100
USG-001409,CUST-0038,2026-08-09,Marketplace,2,47
USG-001410,CUST-0001,2026-04-07,IT Support,19,11
USG-001411,CUST-0044,2026-02-16,Orders,45,42
USG-001412,CUST-0041,2026-01-23,Asset Audit,47,2
USG-001413,CUST-0086,2026-05-19,Asset Audit,14,88
USG-001414,CUST-0068,2026-04-14,IT Support,20,94
USG-001415,CUST-0019,2026-05-14,Vendor Management,23,10
USG-001416,CUST-9999,2026-02-05,Employee Offboarding,73,51
USG-001417,CUST-0117,2026-07-13,IT Support,6,72
USG-001418,CUST-0137,2026-07-17,Vendor Management,35,31
USG-001419,CUST-0111,2026-06-09,IT Support,70,37
USG-001420,CUST-0140,2026-08-11,Device Fleet,21,17
USG-001421,CUST-0010,2026-08-06,Employee Offboarding,5,78
USG-001422,CUST-0059,2026-06-19,Marketplace,70,56
USG-001423,CUST-0065,2026-05-10,Employee Offboarding,17,39
USG-001424,CUST-0087,2026-08-05,Vendor Management,79,66
USG-001425,CUST-0142,2026-06-11,Device Fleet,11,37
USG-001426,CUST-0089,2026-04-26,Vendor Management,70,65
USG-001427,CUST-0118,2026-07-27,Marketplace,5,89
USG-001428,CUST-0113,2026-01-24,Employee Offboarding,23,31
USG-001429,CUST-0140,2026-04-13,Asset Audit,50,62
USG-001430,CUST-0051,2026-05-19,Marketplace,24,4
USG-001431,CUST-0116,2026-03-12,Asset Audit,10,79
USG-001432,CUST-0017,2026-07-04,Vendor Management,60,64
USG-001433,CUST-0137,2026-05-07,Asset Audit,70,20
USG-001434,CUST-9999,2026-08-23,Asset Audit,65,64
USG-001435,CUST-0040,2026-08-03,Marketplace,17,41
USG-001436,CUST-0133,2026-05-28,Orders,64,96
USG-001437,CUST-0010,2026-07-22,Vendor Management,69,41
USG-001438,CUST-0135,2026-01-01,Asset Audit,24,88
USG-001439,CUST-0061,2026-04-05,Device Fleet,35,114
USG-001440,CUST-0008,2026-06-19,Marketplace,47,97
USG-001441,CUST-0100,2026-04-08,Vendor Management,80,43
USG-001442,CUST-0117,2026-05-26,Device Fleet,4,87
USG-001443,CUST-0032,2026-02-12,Employee Offboarding,70,23
USG-001444,CUST-0088,2026-08-07,Employee Offboarding,35,33
USG-001445,CUST-0047,2026-08-28,IT Support,51,59
USG-001446,CUST-0101,2026-02-20,Orders,46,106
USG-001447,CUST-0076,2026-02-17,Vendor Management,32,82
USG-001448,CUST-0035,2026-06-24,IT Support,74,109
USG-001449,CUST-0069,2026-07-22,Asset Audit,29,111
USG-001450,CUST-0050,2026-05-20,IT Support,14,44
USG-001451,CUST-0104,2026-02-12,Employee Offboarding,11,88
USG-001452,CUST-0084,2026-02-17,IT Support,44,93
USG-001453,CUST-0124,2026-02-15,Employee Offboarding,50,22
USG-001454,CUST-9999,2026-02-13,Asset Audit,76,29
USG-001455,CUST-0057,2026-03-29,IT Support,78,101
USG-001456,CUST-0095,2026-01-27,Orders,65,14
USG-001457,CUST-0144,2026-07-01,Asset Audit,48,47
USG-001458,CUST-0007,2026-09-01,Vendor Management,63,67
USG-001459,CUST-0068,2026-09-02,Asset Audit,72,42
USG-001460,CUST-0005,2026-06-06,Employee Offboarding,63,99
USG-001461,CUST-0074,2026-07-31,Employee Offboarding,29,1
USG-001462,CUST-0050,2026-03-20,Vendor Management,80,16
USG-001463,CUST-0132,2026-07-31,IT Support,10,119
USG-001464,CUST-0029,2026-08-22,Asset Audit,77,62
USG-001465,CUST-0043,2026-01-13,Orders,67,107
USG-001466,CUST-0086,2026-05-29,Orders,35,102
USG-001467,CUST-0010,2026-01-23,Marketplace,47,27
USG-001468,CUST-0101,2026-03-20,Device Fleet,42,38
USG-001469,CUST-0117,2026-01-28,Employee Offboarding,42,26
USG-001470,CUST-0028,2026-02-25,Vendor Management,23,47
USG-001471,CUST-0055,2026-07-29,Asset Audit,61,94
USG-001472,CUST-0135,2026-01-25,Orders,55,58
USG-001473,CUST-0082,2026-01-12,Device Fleet,80,35
USG-001474,CUST-0039,2026-06-28,Marketplace,14,37
USG-001475,CUST-0023,2026-01-10,Marketplace,46,23
USG-001476,CUST-0117,2026-04-09,IT Support,68,16
USG-001477,CUST-0135,2026-05-02,IT Support,8,78
USG-001478,CUST-0034,2026-07-13,Asset Audit,1,35
USG-001479,CUST-0093,2026-02-03,Orders,66,68
USG-001480,CUST-0143,2026-08-08,Marketplace,45,52
USG-001481,CUST-0042,2026-08-16,Orders,43,72
USG-001482,CUST-0110,2026-04-17,Device Fleet,42,111
USG-001483,CUST-9999,2026-05-10,Asset Audit,58,69
USG-001484,CUST-0114,2026-03-13,Employee Offboarding,22,18
USG-001485,CUST-0127,2026-06-30,Employee Offboarding,66,44
USG-001486,CUST-0072,2026-05-19,Vendor Management,44,94
USG-001487,CUST-0109,2026-04-04,Marketplace,41,101
USG-001488,CUST-0074,2026-02-15,IT Support,17,39
USG-001489,CUST-0031,2026-01-22,Marketplace,55,43
USG-001490,CUST-0007,2026-02-04,Marketplace,1,113
USG-001491,CUST-0011,2026-01-11,Orders,40,48
USG-001492,CUST-0059,2026-05-31,Vendor Management,30,10
USG-001493,CUST-0061,2026-02-03,Vendor Management,15,103
USG-001494,CUST-0084,2026-08-11,Employee Offboarding,9,27
USG-001495,CUST-0002,2026-03-24,Employee Offboarding,62,5
USG-001496,CUST-0134,2026-02-22,Vendor Management,55,72
USG-001497,CUST-0047,2026-06-24,Device Fleet,37,39
USG-001498,CUST-0073,2026-08-06,IT Support,68,79
USG-001499,CUST-0099,2026-04-09,IT Support,80,92
USG-001500,CUST-0126,2026-02-06,Asset Audit,29,55
USG-001501,CUST-0115,2026-08-19,Vendor Management,57,93
USG-001502,CUST-0075,2026-06-14,Asset Audit,20,96
USG-001503,CUST-0002,2026-02-03,Employee Offboarding,66,95
USG-001504,CUST-0043,2026-08-24,Employee Offboarding,37,27
USG-001505,CUST-0018,2026-05-15,Orders,23,91
USG-001506,CUST-0140,2026-07-26,Marketplace,14,95
USG-001507,CUST-0035,2026-02-18,Marketplace,9,17
USG-001508,CUST-0052,2026-06-05,Orders,1,81
USG-001509,CUST-0079,2026-06-09,Device Fleet,8,49
USG-001510,CUST-0003,2026-08-15,Device Fleet,67,32
USG-001511,CUST-0107,2026-03-09,Asset Audit,21,27
USG-001512,CUST-0142,2026-04-29,Employee Offboarding,4,69
USG-001513,CUST-0043,2026-07-16,Asset Audit,52,67
USG-001514,CUST-0023,2026-06-20,Asset Audit,23,101
USG-001515,CUST-0047,2026-08-19,Employee Offboarding,62,60
USG-001516,CUST-0083,2026-03-08,Vendor Management,47,72
USG-001517,CUST-0069,2026-05-04,Orders,49,20
USG-001518,CUST-9999,2026-08-30,Device Fleet,42,19
USG-001519,CUST-0024,2026-05-11,Marketplace,59,49
USG-001520,CUST-0142,2026-03-03,Vendor Management,14,51
USG-001521,CUST-0014,2026-05-21,Marketplace,24,92
USG-001522,CUST-0113,2026-01-31,Vendor Management,61,23
USG-001523,CUST-0017,2026-04-28,Vendor Management,28,26
USG-001524,CUST-0114,2026-07-21,Vendor Management,28,119
USG-001525,CUST-0145,2026-06-17,IT Support,24,108
USG-001526,CUST-0008,2026-03-25,Orders,23,20
USG-001527,CUST-9999,2026-09-02,IT Support,79,28
USG-001528,CUST-0106,2026-08-14,Orders,13,94
USG-001529,CUST-0110,2026-07-24,Employee Offboarding,75,10
USG-001530,CUST-0078,2026-03-02,IT Support,71,19
USG-001531,CUST-0061,2026-08-18,Orders,42,84
USG-001532,CUST-0094,2026-06-29,Orders,74,110
USG-001533,CUST-0139,2026-02-22,Employee Offboarding,72,40
USG-001534,CUST-0069,2026-04-17,Device Fleet,63,93
USG-001535,CUST-0119,2026-07-08,Vendor Management,64,29
USG-001536,CUST-0042,2026-07-26,Asset Audit,38,32
USG-001537,CUST-0006,2026-05-27,Employee Offboarding,34,111
USG-001538,CUST-0065,2026-05-28,Marketplace,64,79
USG-001539,CUST-0030,2026-02-16,Asset Audit,78,106
USG-001540,CUST-9999,2026-04-23,Device Fleet,24,74
USG-001541,CUST-0045,2026-04-23,Device Fleet,21,8
USG-001542,CUST-0085,2026-03-05,Vendor Management,77,60
USG-001543,CUST-0135,2026-08-22,Asset Audit,15,28
USG-001544,CUST-0126,2026-07-01,Marketplace,42,18
USG-001545,CUST-9999,2026-09-01,IT Support,67,32
USG-001546,CUST-0034,2026-02-08,Device Fleet,13,18
USG-001547,CUST-0094,2026-04-12,Vendor Management,7,71
USG-001548,CUST-0049,2026-02-14,Device Fleet,6,34
USG-001549,CUST-0142,2026-05-06,IT Support,60,67
USG-001550,CUST-0129,2026-05-10,Marketplace,73,57
USG-001551,CUST-0090,2026-06-25,Orders,48,86
USG-001552,CUST-0132,2026-04-02,Orders,31,82
USG-001553,CUST-0137,2026-04-11,Device Fleet,6,26
USG-001554,CUST-0005,2026-03-13,Employee Offboarding,31,119
USG-001555,CUST-0100,2026-06-15,Device Fleet,74,110
USG-001556,CUST-9999,2026-03-24,Device Fleet,59,9
USG-001557,CUST-0089,2026-08-02,Marketplace,21,27
USG-001558,CUST-9999,2026-08-19,Marketplace,12,3
USG-001559,CUST-0039,2026-06-14,IT Support,22,100
USG-001560,CUST-0090,2026-06-19,Device Fleet,12,39
USG-001561,CUST-0051,2026-05-03,Employee Offboarding,66,25
USG-001562,CUST-0015,2026-06-06,Marketplace,26,117
USG-001563,CUST-0002,2026-05-28,Asset Audit,61,11
USG-001564,CUST-0054,2026-06-25,IT Support,64,12
USG-001565,CUST-0030,2026-02-07,Asset Audit,7,82
USG-001566,CUST-0039,2026-07-07,Orders,15,27
USG-001567,CUST-0041,2026-01-31,Marketplace,59,53
USG-001568,CUST-0120,2026-07-12,Vendor Management,18,7
USG-001569,CUST-0030,2026-06-05,Marketplace,12,15
USG-001570,CUST-0029,2026-04-08,Asset Audit,14,17
USG-001571,CUST-0047,2026-01-11,Device Fleet,80,93
USG-001572,CUST-0009,2026-04-25,Orders,44,85
USG-001573,CUST-0136,2026-07-14,Asset Audit,32,26
USG-001574,CUST-0055,2026-01-10,Employee Offboarding,74,25
USG-001575,CUST-0111,2026-04-08,Employee Offboarding,27,69
USG-001576,CUST-0004,2026-06-19,Orders,59,84
USG-001577,CUST-0078,2026-07-18,IT Support,14,20
USG-001578,CUST-0073,2026-02-15,Device Fleet,12,37
USG-001579,CUST-0006,2026-07-22,IT Support,51,81
USG-001580,CUST-0135,2026-02-05,Employee Offboarding,2,74
USG-001581,CUST-0084,2026-02-04,Orders,77,37
USG-001582,CUST-0097,2026-02-02,Device Fleet,76,25
USG-001583,CUST-0094,2026-03-31,Vendor Management,49,108
USG-001584,CUST-0017,2026-07-27,Vendor Management,1,104
USG-001585,CUST-0055,2026-07-03,Vendor Management,73,77
USG-001586,CUST-0089,2026-02-02,Marketplace,75,64
USG-001587,CUST-0005,2026-07-18,Device Fleet,30,59
USG-001588,CUST-0031,2026-02-06,Employee Offboarding,25,55
USG-001589,CUST-0092,2026-05-21,Employee Offboarding,70,47
USG-001590,CUST-0100,2026-03-20,Marketplace,17,28
USG-001591,CUST-0007,2026-03-08,Device Fleet,20,4
USG-001592,CUST-0037,2026-05-04,Device Fleet,55,16
USG-001593,CUST-0093,2026-06-07,Orders,62,30
USG-001594,CUST-0143,2026-05-07,Employee Offboarding,8,22
USG-001595,CUST-0016,2026-04-24,Vendor Management,11,56
USG-001596,CUST-0110,2026-08-09,IT Support,3,53
USG-001597,CUST-0059,2026-02-03,Orders,37,68
USG-001598,CUST-0028,2026-03-29,Employee Offboarding,34,111
USG-001599,CUST-0041,2026-07-31,Vendor Management,1,29
USG-001600,CUST-0074,2026-01-09,Orders,8,16
USG-001601,CUST-0005,2026-06-07,Employee Offboarding,52,64
USG-001602,CUST-0145,2026-08-23,Marketplace,58,48
USG-001603,CUST-0109,2026-08-17,Marketplace,40,80
USG-001604,CUST-0017,2026-04-05,Asset Audit,76,87
USG-001605,CUST-0090,2026-04-06,Employee Offboarding,55,108
USG-001606,CUST-0045,2026-08-31,Orders,33,62
USG-001607,CUST-0028,2026-02-05,Marketplace,33,60
USG-001608,CUST-0112,2026-01-01,Device Fleet,6,72
USG-001609,CUST-0016,2026-07-16,Device Fleet,66,16
USG-001610,CUST-0010,2026-02-23,Device Fleet,53,71
USG-001611,CUST-0059,2026-01-26,Asset Audit,52,36
USG-001612,CUST-0024,2026-05-06,Orders,55,67
USG-001613,CUST-0011,2026-05-20,Device Fleet,67,13
USG-001614,CUST-0094,2026-04-25,Device Fleet,19,76
USG-001615,CUST-0008,2026-08-11,Vendor Management,14,44
USG-001616,CUST-0016,2026-04-29,Device Fleet,26,66
USG-001617,CUST-0011,2026-04-15,Asset Audit,14,32
USG-001618,CUST-0014,2026-04-29,Vendor Management,30,43
USG-001619,CUST-0021,2026-01-13,Marketplace,37,47
USG-001620,CUST-0136,2026-09-02,Employee Offboarding,63,39
USG-001621,CUST-0052,2026-07-25,Asset Audit,23,15
USG-001622,CUST-0051,2026-01-07,Device Fleet,73,56
USG-001623,CUST-0047,2026-03-31,IT Support,68,87
USG-001624,CUST-0091,2026-04-25,Asset Audit,55,77
USG-001625,CUST-0065,2026-05-08,Device Fleet,27,16
USG-001626,CUST-0144,2026-01-02,Employee Offboarding,26,86
USG-001627,CUST-0052,2026-06-05,Asset Audit,21,106
USG-001628,CUST-0113,2026-08-25,Employee Offboarding,56,114
USG-001629,CUST-0101,2026-04-22,Marketplace,20,11
USG-001630,CUST-0091,2026-05-30,Device Fleet,68,31
USG-001631,CUST-0036,2026-06-29,Marketplace,61,3
USG-001632,CUST-0009,2026-01-15,Employee Offboarding,52,54
USG-001633,CUST-0109,2026-01-26,Employee Offboarding,43,81
USG-001634,CUST-0007,2026-07-13,Device Fleet,15,7
USG-001635,CUST-0115,2026-05-31,Asset Audit,60,16
USG-001636,CUST-0065,2026-01-10,Device Fleet,34,75
USG-001637,CUST-0061,2026-05-20,Marketplace,71,9
USG-001638,CUST-0145,2026-07-13,Vendor Management,35,74
USG-001639,CUST-0001,2026-03-22,Orders,9,41
USG-001640,CUST-0045,2026-01-11,Employee Offboarding,79,78
USG-001641,CUST-0129,2026-01-10,Marketplace,76,39
USG-001642,CUST-0128,2026-08-26,Asset Audit,78,68
USG-001643,CUST-0127,2026-06-13,Orders,9,26
USG-001644,CUST-0119,2026-06-01,Asset Audit,16,105
USG-001645,CUST-0107,2026-04-08,IT Support,72,96
USG-001646,CUST-0075,2026-01-27,Asset Audit,49,13
USG-001647,CUST-0039,2026-02-25,Asset Audit,37,7
USG-001648,CUST-0125,2026-05-03,IT Support,35,32
USG-001649,CUST-0060,2026-08-01,Orders,42,56
USG-001650,CUST-0047,2026-02-23,Vendor Management,66,86
USG-001651,CUST-0075,2026-05-30,IT Support,15,79
USG-001652,CUST-0115,2026-07-26,Device Fleet,9,92
USG-001653,CUST-0068,2026-02-12,Asset Audit,18,4
USG-001654,CUST-0055,2026-04-30,Device Fleet,66,59
USG-001655,CUST-0139,2026-08-05,Orders,14,12
USG-001656,CUST-0106,2026-01-15,Marketplace,21,85
USG-001657,CUST-0008,2026-06-11,Marketplace,34,13
USG-001658,CUST-0140,2026-08-30,Marketplace,11,31
USG-001659,CUST-0095,2026-06-25,Vendor Management,79,74
USG-001660,CUST-0132,2026-06-02,IT Support,75,58
USG-001661,CUST-0038,2026-08-18,Device Fleet,11,57
USG-001662,CUST-0006,2026-07-07,Marketplace,69,65
USG-001663,CUST-0075,2026-08-26,Vendor Management,66,4
USG-001664,CUST-0019,2026-05-20,Asset Audit,34,39
USG-001665,CUST-0137,2026-02-05,Orders,16,58
USG-001666,CUST-0092,2026-05-14,IT Support,30,74
USG-001667,CUST-0113,2026-05-10,Employee Offboarding,57,120
USG-001668,CUST-0003,2026-05-19,Orders,8,104
USG-001669,CUST-0007,2026-03-08,IT Support,6,54
USG-001670,CUST-0122,2026-03-23,Asset Audit,12,107
USG-001671,CUST-0047,2026-08-04,Orders,49,73
USG-001672,CUST-0022,2026-03-18,IT Support,52,12
USG-001673,CUST-0022,2026-08-28,Orders,66,115
USG-001674,CUST-0128,2026-06-22,Marketplace,76,35
USG-001675,CUST-0043,2026-06-03,Vendor Management,55,72
USG-001676,CUST-0130,2026-02-08,Asset Audit,51,75
USG-001677,CUST-0123,2026-06-20,Vendor Management,7,35
USG-001678,CUST-0012,2026-05-31,Employee Offboarding,30,92
USG-001679,CUST-0031,2026-03-08,Marketplace,12,102
USG-001680,CUST-9999,2026-04-19,Device Fleet,46,55
USG-001681,CUST-0012,2026-05-07,IT Support,32,23
USG-001682,CUST-0125,2026-03-14,Vendor Management,71,72
USG-001683,CUST-0058,2026-03-27,Vendor Management,49,46
USG-001684,CUST-0028,2026-07-19,Asset Audit,75,103
USG-001685,CUST-0102,2026-02-16,Employee Offboarding,6,114
USG-001686,CUST-0108,2026-06-29,Vendor Management,37,107
USG-001687,CUST-0097,2026-04-09,IT Support,32,93
USG-001688,CUST-0068,2026-08-28,IT Support,55,4
USG-001689,CUST-0069,2026-04-26,IT Support,40,20
USG-001690,CUST-0017,2026-04-24,Device Fleet,20,72
USG-001691,CUST-0087,2026-01-27,Asset Audit,19,21
USG-001692,CUST-0092,2026-05-29,Marketplace,32,106
USG-001693,CUST-0105,2026-03-12,IT Support,70,17
USG-001694,CUST-0001,2026-05-09,IT Support,29,35
USG-001695,CUST-0137,2026-04-13,IT Support,65,30
USG-001696,CUST-0011,2026-08-14,Asset Audit,18,34
USG-001697,CUST-0102,2026-05-03,Orders,68,57
USG-001698,CUST-9999,2026-01-18,Asset Audit,3,80
USG-001699,CUST-0017,2026-01-23,Employee Offboarding,10,28
USG-001700,CUST-0029,2026-05-31,Marketplace,32,46
USG-001701,CUST-0042,2026-07-30,Marketplace,27,92
USG-001702,CUST-0105,2026-01-28,Orders,28,61
USG-001703,CUST-0105,2026-08-17,Device Fleet,44,24
USG-001704,CUST-0064,2026-01-12,Employee Offboarding,42,72
USG-001705,CUST-0131,2026-01-25,Asset Audit,43,100
USG-001706,CUST-0006,2026-08-21,Orders,47,117
USG-001707,CUST-0072,2026-07-12,Employee Offboarding,64,19
USG-001708,CUST-0068,2026-02-01,IT Support,13,55
USG-001709,CUST-0082,2026-06-16,Device Fleet,25,90
USG-001710,CUST-0075,2026-03-12,Device Fleet,73,54
USG-001711,CUST-0103,2026-08-05,Device Fleet,61,97
USG-001712,CUST-0124,2026-08-18,Vendor Management,9,99
USG-001713,CUST-0133,2026-02-02,Vendor Management,34,77
USG-001714,CUST-0138,2026-05-27,Marketplace,70,81
USG-001715,CUST-0011,2026-05-20,IT Support,1,111
USG-001716,CUST-0103,2026-04-29,Marketplace,71,19
USG-001717,CUST-0025,2026-03-11,Device Fleet,57,35
USG-001718,CUST-0106,2026-05-13,Marketplace,14,101
USG-001719,CUST-0058,2026-08-03,Employee Offboarding,80,24
USG-001720,CUST-0101,2026-06-10,Asset Audit,34,70
USG-001721,CUST-0109,2026-06-07,Vendor Management,69,80
USG-001722,CUST-0064,2026-06-28,IT Support,51,90
USG-001723,CUST-0141,2026-04-23,Employee Offboarding,65,49
USG-001724,CUST-9999,2026-03-21,Vendor Management,12,42
USG-001725,CUST-0088,2026-05-31,Employee Offboarding,41,103
USG-001726,CUST-0013,2026-01-29,Device Fleet,79,18
USG-001727,CUST-0047,2026-01-15,Marketplace,62,47
USG-001728,CUST-0064,2026-06-28,Asset Audit,6,45
USG-001729,CUST-0030,2026-01-19,Asset Audit,11,55
USG-001730,CUST-0016,2026-02-28,Marketplace,77,69
USG-001731,CUST-0143,2026-07-26,Asset Audit,27,54
USG-001732,CUST-0081,2026-03-05,Asset Audit,17,13
USG-001733,CUST-0132,2026-05-29,Employee Offboarding,42,48
USG-001734,CUST-0015,2026-04-08,Asset Audit,1,7
USG-001735,CUST-0007,2026-06-02,Vendor Management,74,39
USG-001736,CUST-0035,2026-03-18,IT Support,75,33
USG-001737,CUST-0046,2026-01-13,Employee Offboarding,49,49
USG-001738,CUST-0071,2026-07-21,Vendor Management,72,79
USG-001739,CUST-0112,2026-04-21,Asset Audit,53,7
USG-001740,CUST-0084,2026-07-22,Asset Audit,34,21
USG-001741,CUST-0004,2026-07-29,Marketplace,40,41
USG-001742,CUST-0109,2026-08-10,Employee Offboarding,63,97
USG-001743,CUST-0114,2026-03-29,IT Support,4,74
USG-001744,CUST-0116,2026-07-20,Employee Offboarding,41,29
USG-001745,CUST-0050,2026-07-20,IT Support,78,4
USG-001746,CUST-0109,2026-02-03,Orders,48,34
USG-001747,CUST-0104,2026-08-13,Asset Audit,17,110
USG-001748,CUST-0048,2026-07-17,Asset Audit,44,90
USG-001749,CUST-0075,2026-01-14,Device Fleet,51,81
USG-001750,CUST-0086,2026-06-04,IT Support,45,30
USG-001751,CUST-0014,2026-01-03,Vendor Management,55,21
USG-001752,CUST-0048,2026-01-31,Orders,20,38
USG-001753,CUST-0047,2026-07-15,Marketplace,58,55
USG-001754,CUST-0123,2026-06-27,Vendor Management,61,40
USG-001755,CUST-0103,2026-02-04,Marketplace,41,79
USG-001756,CUST-0018,2026-04-10,Device Fleet,14,11
USG-001757,CUST-0046,2026-03-13,Vendor Management,13,12
USG-001758,CUST-0096,2026-08-22,Marketplace,65,105
USG-001759,CUST-0065,2026-05-17,Marketplace,67,82
USG-001760,CUST-0100,2026-01-16,Device Fleet,69,2
USG-001761,CUST-0028,2026-05-02,IT Support,67,51
USG-001762,CUST-0124,2026-07-02,Asset Audit,72,17
USG-001763,CUST-0051,2026-08-12,Device Fleet,23,74
USG-001764,CUST-0092,2026-04-24,Marketplace,2,120
USG-001765,CUST-0070,2026-04-25,Orders,53,102
USG-001766,CUST-0068,2026-08-07,Orders,55,10
USG-001767,CUST-0038,2026-07-06,Device Fleet,22,7
USG-001768,CUST-0053,2026-05-16,Employee Offboarding,30,95
USG-001769,CUST-0123,2026-03-29,Orders,56,45
USG-001770,CUST-0099,2026-08-10,Marketplace,69,7
USG-001771,CUST-0119,2026-05-22,Employee Offboarding,22,48
USG-001772,CUST-0068,2026-08-31,IT Support,23,40
USG-001773,CUST-0033,2026-02-01,Vendor Management,72,89
USG-001774,CUST-0060,2026-05-09,Employee Offboarding,33,47
USG-001775,CUST-0069,2026-01-13,Device Fleet,55,33
USG-001776,CUST-0079,2026-06-17,Employee Offboarding,37,84
USG-001777,CUST-0120,2026-03-28,Vendor Management,19,112
USG-001778,CUST-0051,2026-08-05,Device Fleet,15,18
USG-001779,CUST-0050,2026-02-09,Vendor Management,58,37
USG-001780,CUST-0138,2026-06-07,Marketplace,63,88
USG-001781,CUST-0022,2026-04-26,Asset Audit,51,98
USG-001782,CUST-0053,2026-03-04,Vendor Management,38,83
USG-001783,CUST-0043,2026-05-06,Orders,4,25
USG-001784,CUST-0143,2026-05-18,Asset Audit,22,105
USG-001785,CUST-0019,2026-08-18,Asset Audit,46,92
USG-001786,CUST-0004,2026-06-17,IT Support,8,103
USG-001787,CUST-0018,2026-06-05,Marketplace,50,32
USG-001788,CUST-0011,2026-03-07,Employee Offboarding,25,5
USG-001789,CUST-0099,2026-06-05,Marketplace,30,42
USG-001790,CUST-0140,2026-05-09,Marketplace,19,35
USG-001791,CUST-0059,2026-03-26,Marketplace,30,113
USG-001792,CUST-0079,2026-01-04,Device Fleet,14,66
USG-001793,CUST-0018,2026-07-03,Marketplace,51,57
USG-001794,CUST-0122,2026-05-10,Employee Offboarding,66,116
USG-001795,CUST-0018,2026-08-04,Asset Audit,45,23
USG-001796,CUST-0072,2026-03-07,Employee Offboarding,47,34
USG-001797,CUST-0068,2026-04-20,Device Fleet,69,27
USG-001798,CUST-0137,2026-08-14,Employee Offboarding,9,61
USG-001799,CUST-0056,2026-04-26,Vendor Management,71,14
USG-001800,CUST-0004,2026-06-14,Vendor Management,42,31
USG-001801,CUST-0032,2026-02-07,IT Support,59,65
USG-001802,CUST-0132,2026-06-19,Employee Offboarding,69,95
USG-001803,CUST-0099,2026-07-25,IT Support,73,75
USG-001804,CUST-0109,2026-05-31,IT Support,66,100
USG-001805,CUST-0040,2026-08-15,Marketplace,77,8
USG-001806,CUST-0079,2026-03-22,Asset Audit,75,90
USG-001807,CUST-0035,2026-08-03,Asset Audit,14,36
USG-001808,CUST-0116,2026-06-24,Orders,33,49
USG-001809,CUST-0060,2026-01-10,Marketplace,12,111
USG-001810,CUST-0139,2026-07-11,Asset Audit,33,23
USG-001811,CUST-0069,2026-02-03,Orders,72,84
USG-001812,CUST-0058,2026-06-01,Asset Audit,21,67
USG-001813,CUST-0061,2026-03-02,IT Support,14,20
USG-001814,CUST-0029,2026-06-15,Vendor Management,71,64
USG-001815,CUST-0008,2026-04-11,Marketplace,21,113
USG-001816,CUST-9999,2026-02-23,Orders,67,111
USG-001817,CUST-0132,2026-08-25,Device Fleet,74,72
USG-001818,CUST-0055,2026-02-12,Orders,16,6
USG-001819,CUST-0030,2026-01-04,Orders,30,23
USG-001820,CUST-0001,2026-01-05,Device Fleet,67,50
USG-001821,CUST-0119,2026-04-22,Asset Audit,15,6
USG-001822,CUST-0008,2026-05-11,Marketplace,77,86
USG-001823,CUST-0143,2026-08-24,Marketplace,62,92
USG-001824,CUST-0099,2026-02-01,Device Fleet,71,11
USG-001825,CUST-0076,2026-02-18,Employee Offboarding,50,102
USG-001826,CUST-0024,2026-03-15,Device Fleet,31,115
USG-001827,CUST-0142,2026-03-16,Employee Offboarding,32,83
USG-001828,CUST-0022,2026-05-31,IT Support,7,101
USG-001829,CUST-0124,2026-03-12,Asset Audit,71,83
USG-001830,CUST-0036,2026-02-19,Employee Offboarding,40,53
USG-001831,CUST-0081,2026-08-02,Vendor Management,13,5
USG-001832,CUST-0001,2026-02-20,Vendor Management,3,59
USG-001833,CUST-0104,2026-08-23,Orders,1,48
USG-001834,CUST-0072,2026-08-30,Employee Offboarding,76,49
USG-001835,CUST-0113,2026-08-02,Device Fleet,43,3
USG-001836,CUST-0012,2026-04-22,Asset Audit,50,55
USG-001837,CUST-0069,2026-01-24,Device Fleet,2,116
USG-001838,CUST-0101,2026-08-23,Employee Offboarding,39,112
USG-001839,CUST-0023,2026-07-01,Device Fleet,29,37
USG-001840,CUST-0001,2026-07-26,Asset Audit,70,42
USG-001841,CUST-0026,2026-04-13,IT Support,76,35
USG-001842,CUST-0121,2026-01-11,IT Support,79,2
USG-001843,CUST-0095,2026-07-17,IT Support,25,56
USG-001844,CUST-0108,2026-05-21,Orders,38,71
USG-001845,CUST-0037,2026-04-07,IT Support,73,73
USG-001846,CUST-0104,2026-02-10,Asset Audit,78,59
USG-001847,CUST-0004,2026-05-16,Orders,70,56
USG-001848,CUST-0143,2026-05-23,IT Support,73,16
USG-001849,CUST-0121,2026-05-16,Vendor Management,63,101
USG-001850,CUST-0019,2026-04-04,Device Fleet,48,103
USG-001851,CUST-0110,2026-02-16,Employee Offboarding,59,109
USG-001852,CUST-0020,2026-05-26,Asset Audit,49,3
USG-001853,CUST-0061,2026-02-02,Device Fleet,12,17
USG-001854,CUST-0111,2026-08-14,Vendor Management,46,59
USG-001855,CUST-0134,2026-05-28,IT Support,24,49
USG-001856,CUST-0004,2026-03-19,Device Fleet,71,110
USG-001857,CUST-0002,2026-07-14,IT Support,48,120
USG-001858,CUST-0036,2026-08-29,Device Fleet,60,47
USG-001859,CUST-0086,2026-05-11,Employee Offboarding,16,59
USG-001860,CUST-0125,2026-04-27,Employee Offboarding,12,86
USG-001861,CUST-0036,2026-05-05,Employee Offboarding,50,78
USG-001862,CUST-0048,2026-07-20,Device Fleet,13,70
USG-001863,CUST-0142,2026-02-07,Employee Offboarding,12,78
USG-001864,CUST-0104,2026-08-29,Orders,56,35
USG-001865,CUST-0046,2026-02-11,Orders,78,62
USG-001866,CUST-0086,2026-05-12,IT Support,10,58
USG-001867,CUST-0014,2026-07-27,Vendor Management,34,93
USG-001868,CUST-0094,2026-03-10,Orders,14,106
USG-001869,CUST-0142,2026-03-30,Vendor Management,38,48
USG-001870,CUST-0125,2026-08-02,Marketplace,6,41
USG-001871,CUST-0112,2026-07-19,IT Support,17,1
USG-001872,CUST-9999,2026-02-06,Orders,47,64
USG-001873,CUST-0001,2026-07-01,IT Support,3,94
USG-001874,CUST-0013,2026-01-17,Vendor Management,52,29
USG-001875,CUST-0088,2026-04-15,Employee Offboarding,7,59
USG-001876,CUST-0044,2026-02-24,Marketplace,18,36
USG-001877,CUST-0121,2026-02-15,IT Support,21,118
USG-001878,CUST-0144,2026-06-06,Employee Offboarding,36,1
USG-001879,CUST-0015,2026-01-23,Asset Audit,67,84
USG-001880,CUST-0133,2026-02-16,Orders,34,92
USG-001881,CUST-0116,2026-03-03,Device Fleet,18,54
USG-001882,CUST-0019,2026-04-10,IT Support,48,1
USG-001883,CUST-0124,2026-01-17,Device Fleet,45,72
USG-001884,CUST-0016,2026-01-24,Device Fleet,74,48
USG-001885,CUST-0001,2026-06-06,Orders,60,114
USG-001886,CUST-0028,2026-07-28,Vendor Management,12,41
USG-001887,CUST-0048,2026-04-20,Device Fleet,6,96
USG-001888,CUST-0093,2026-02-28,Marketplace,57,7
USG-001889,CUST-9999,2026-02-04,Orders,6,5
USG-001890,CUST-0119,2026-01-19,Marketplace,56,76
USG-001891,CUST-0081,2026-06-24,Device Fleet,1,62
USG-001892,CUST-0066,2026-08-20,Vendor Management,12,113
USG-001893,CUST-0130,2026-05-27,Marketplace,40,72
USG-001894,CUST-0084,2026-06-28,Employee Offboarding,30,104
USG-001895,CUST-0037,2026-07-24,IT Support,67,60
USG-001896,CUST-0106,2026-06-01,IT Support,74,28
USG-001897,CUST-0106,2026-03-30,Orders,77,33
USG-001898,CUST-0072,2026-09-02,Asset Audit,15,53
USG-001899,CUST-0023,2026-06-09,Marketplace,66,119
USG-001900,CUST-0037,2026-05-02,Orders,40,104
USG-001901,CUST-0138,2026-01-22,Orders,10,5
USG-001902,CUST-0067,2026-03-27,Device Fleet,20,46
USG-001903,CUST-0144,2026-06-19,IT Support,52,29
USG-001904,CUST-0047,2026-01-18,Asset Audit,38,28
USG-001905,CUST-0093,2026-04-23,Employee Offboarding,68,98
USG-001906,CUST-0062,2026-03-28,Marketplace,20,54
USG-001907,CUST-0136,2026-01-16,Asset Audit,35,70
USG-001908,CUST-0112,2026-01-10,Vendor Management,55,58
USG-001909,CUST-0050,2026-05-31,IT Support,29,92
USG-001910,CUST-0065,2026-08-17,Employee Offboarding,70,65
USG-001911,CUST-0050,2026-05-21,Employee Offboarding,23,41
USG-001912,CUST-0059,2026-04-08,Marketplace,39,52
USG-001913,CUST-0036,2026-05-19,Device Fleet,43,43
USG-001914,CUST-0014,2026-04-25,Marketplace,57,119
USG-001915,CUST-0071,2026-06-30,Device Fleet,51,47
USG-001916,CUST-0115,2026-06-08,Employee Offboarding,46,11
USG-001917,CUST-0094,2026-04-12,Orders,27,73
USG-001918,CUST-0047,2026-07-06,Marketplace,2,77
USG-001919,CUST-0009,2026-05-19,Employee Offboarding,42,14
USG-001920,CUST-0011,2026-05-07,Vendor Management,40,94
USG-001921,CUST-0008,2026-06-20,IT Support,14,114
USG-001922,CUST-0060,2026-01-26,Device Fleet,13,60
USG-001923,CUST-0130,2026-08-29,Asset Audit,13,77
USG-001924,CUST-0005,2026-02-06,Employee Offboarding,38,91
USG-001925,CUST-0114,2026-06-24,Asset Audit,7,88
USG-001926,CUST-0046,2026-02-13,Vendor Management,4,52
USG-001927,CUST-0095,2026-08-24,Orders,41,105
USG-001928,CUST-0069,2026-06-28,Device Fleet,23,1
USG-001929,CUST-0022,2026-06-20,Orders,24,57
USG-001930,CUST-0081,2026-07-20,Marketplace,73,46
USG-001931,CUST-0016,2026-01-03,Orders,54,98
USG-001932,CUST-0013,2026-01-21,Employee Offboarding,15,44
USG-001933,CUST-0055,2026-08-09,Vendor Management,24,117
USG-001934,CUST-0089,2026-07-24,Vendor Management,76,34
USG-001935,CUST-0113,2026-06-12,IT Support,44,5
USG-001936,CUST-0113,2026-03-14,Device Fleet,64,13
USG-001937,CUST-0114,2026-06-30,Orders,17,60
USG-001938,CUST-0141,2026-01-13,Employee Offboarding,76,87
USG-001939,CUST-0094,2026-06-14,Device Fleet,30,86
USG-001940,CUST-0017,2026-01-13,Device Fleet,51,37
USG-001941,CUST-0056,2026-03-19,Marketplace,2,27
USG-001942,CUST-9999,2026-01-31,Device Fleet,36,45
USG-001943,CUST-0033,2026-08-29,Device Fleet,28,55
USG-001944,CUST-0012,2026-05-10,IT Support,37,9
USG-001945,CUST-0019,2026-05-19,Employee Offboarding,79,117
USG-001946,CUST-0025,2026-09-02,Orders,44,113
USG-001947,CUST-0045,2026-05-20,Employee Offboarding,45,98
USG-001948,CUST-0063,2026-08-21,Employee Offboarding,73,44
USG-001949,CUST-0038,2026-01-12,Employee Offboarding,50,10
USG-001950,CUST-0009,2026-01-16,Asset Audit,63,73
USG-001951,CUST-9999,2026-01-04,Vendor Management,3,51
USG-001952,CUST-9999,2026-04-20,Marketplace,71,8
USG-001953,CUST-0019,2026-05-20,Asset Audit,57,62
USG-001954,CUST-0068,2026-01-12,Marketplace,31,62
USG-001955,CUST-0129,2026-03-10,Vendor Management,17,92
USG-001956,CUST-0056,2026-06-19,Orders,73,109
USG-001957,CUST-0074,2026-03-20,IT Support,48,111
USG-001958,CUST-0058,2026-01-06,Device Fleet,51,63
USG-001959,CUST-0118,2026-04-07,Marketplace,21,43
USG-001960,CUST-0084,2026-01-03,Orders,21,82
USG-001961,CUST-0090,2026-08-01,Device Fleet,10,64
USG-001962,CUST-0055,2026-04-08,Employee Offboarding,33,17
USG-001963,CUST-0101,2026-02-17,Employee Offboarding,14,59
USG-001964,CUST-0138,2026-03-07,Orders,75,8
USG-001965,CUST-0048,2026-06-19,IT Support,20,29
USG-001966,CUST-0057,2026-03-20,Employee Offboarding,13,9
USG-001967,CUST-0004,2026-07-08,Marketplace,5,74
USG-001968,CUST-0011,2026-06-14,Asset Audit,6,46
USG-001969,CUST-0063,2026-01-02,Vendor Management,70,72
USG-001970,CUST-0106,2026-05-11,Employee Offboarding,32,2
USG-001971,CUST-0039,2026-08-15,Device Fleet,12,50
USG-001972,CUST-0101,2026-04-24,Orders,18,79
USG-001973,CUST-0002,2026-03-14,Vendor Management,43,119
USG-001974,CUST-0117,2026-03-27,Marketplace,73,72
USG-001975,CUST-0140,2026-04-26,Employee Offboarding,73,111
USG-001976,CUST-0048,2026-01-23,Orders,76,95
USG-001977,CUST-0109,2026-03-21,Orders,51,6
USG-001978,CUST-0060,2026-09-02,Marketplace,31,54
USG-001979,CUST-0046,2026-07-24,Device Fleet,19,59
USG-001980,CUST-0095,2026-04-01,IT Support,24,10
USG-001981,CUST-0066,2026-04-29,Asset Audit,4,89
USG-001982,CUST-0033,2026-01-01,Asset Audit,15,12
USG-001983,CUST-0089,2026-08-04,Orders,29,92
USG-001984,CUST-0141,2026-01-02,Orders,25,56
USG-001985,CUST-0044,2026-01-26,Vendor Management,78,93
USG-001986,CUST-0044,2026-01-18,Employee Offboarding,68,101
USG-001987,CUST-0032,2026-05-14,IT Support,63,93
USG-001988,CUST-0002,2026-06-25,Employee Offboarding,73,13
USG-001989,CUST-0112,2026-01-28,Marketplace,15,65
USG-001990,CUST-0112,2026-02-24,IT Support,48,43
USG-001991,CUST-0141,2026-05-21,Device Fleet,76,113
USG-001992,CUST-0081,2026-05-26,Vendor Management,60,89
USG-001993,CUST-0121,2026-02-12,Vendor Management,13,49
USG-001994,CUST-0143,2026-05-13,Device Fleet,7,97
USG-001995,CUST-0087,2026-08-23,Orders,62,69
USG-001996,CUST-0056,2026-01-18,IT Support,49,78
USG-001997,CUST-0040,2026-05-11,IT Support,62,116
USG-001998,CUST-0045,2026-07-25,IT Support,36,43
USG-001999,CUST-0080,2026-08-10,Device Fleet,13,66
USG-002000,CUST-0036,2026-02-13,Vendor Management,62,21
USG-002001,CUST-0001,2026-01-14,Orders,71,28
USG-002002,CUST-0076,2026-05-18,Orders,30,18
USG-002003,CUST-0040,2026-01-16,Employee Offboarding,12,36
USG-002004,CUST-0072,2026-05-05,Employee Offboarding,28,94
USG-002005,CUST-0034,2026-08-25,Vendor Management,68,96
USG-002006,CUST-0029,2026-01-17,Asset Audit,47,74
USG-002007,CUST-0051,2026-06-29,Device Fleet,17,95
USG-002008,CUST-0004,2026-02-02,Device Fleet,27,7
USG-002009,CUST-0071,2026-08-28,Vendor Management,20,29
USG-002010,CUST-0034,2026-02-03,Vendor Management,57,64
USG-002011,CUST-0092,2026-08-06,Orders,14,32
USG-002012,CUST-0096,2026-07-03,Orders,6,116
USG-002013,CUST-0034,2026-05-09,Device Fleet,54,43
USG-002014,CUST-0013,2026-04-15,Employee Offboarding,51,26
USG-002015,CUST-0001,2026-06-24,Marketplace,8,45
USG-002016,CUST-0060,2026-08-28,Marketplace,57,59
USG-002017,CUST-0118,2026-04-02,Asset Audit,75,13
USG-002018,CUST-0138,2026-02-27,Orders,10,88
USG-002019,CUST-0006,2026-06-16,Orders,77,12
USG-002020,CUST-0107,2026-06-24,Marketplace,10,61
USG-002021,CUST-0077,2026-04-07,Marketplace,78,6
USG-002022,CUST-0041,2026-05-30,Vendor Management,68,28
USG-002023,CUST-0031,2026-08-30,Marketplace,4,34
USG-002024,CUST-0064,2026-08-04,Vendor Management,70,106
USG-002025,CUST-0071,2026-01-18,IT Support,50,51
USG-002026,CUST-0042,2026-02-08,IT Support,11,103
USG-002027,CUST-0052,2026-08-29,Device Fleet,54,63
USG-002028,CUST-0004,2026-05-09,Device Fleet,47,52
USG-002029,CUST-0143,2026-08-15,Employee Offboarding,54,108
USG-002030,CUST-0101,2026-04-28,Marketplace,6,50
USG-002031,CUST-0060,2026-06-29,Asset Audit,20,11
USG-002032,CUST-9999,2026-05-12,Marketplace,51,47
USG-002033,CUST-0093,2026-01-16,Employee Offboarding,75,37
USG-002034,CUST-0066,2026-03-18,Vendor Management,5,57
USG-002035,CUST-0111,2026-04-11,Orders,40,78
USG-002036,CUST-0049,2026-07-03,Orders,73,54
USG-002037,CUST-0089,2026-01-03,Employee Offboarding,78,49
USG-002038,CUST-0043,2026-04-27,Orders,17,109
USG-002039,CUST-0044,2026-04-09,Orders,56,113
USG-002040,CUST-0031,2026-01-23,Employee Offboarding,19,33
USG-002041,CUST-0056,2026-07-21,Asset Audit,18,118
USG-002042,CUST-0088,2026-08-29,Vendor Management,72,90
USG-002043,CUST-0083,2026-03-10,Vendor Management,20,13
USG-002044,CUST-0132,2026-08-06,IT Support,6,69
USG-002045,CUST-0127,2026-08-31,IT Support,80,13
USG-002046,CUST-0105,2026-02-07,Vendor Management,31,93
USG-002047,CUST-0080,2026-08-21,Marketplace,11,85
USG-002048,CUST-9999,2026-06-24,Asset Audit,34,29
USG-002049,CUST-0052,2026-05-24,Employee Offboarding,31,114
USG-002050,CUST-0035,2026-07-04,Employee Offboarding,59,24
USG-002051,CUST-0094,2026-06-20,Device Fleet,47,69
USG-002052,CUST-0061,2026-02-27,Orders,34,26
USG-002053,CUST-0009,2026-07-27,Vendor Management,31,10
USG-002054,CUST-0021,2026-06-30,Marketplace,47,109
USG-002055,CUST-0136,2026-05-08,Asset Audit,4,48
USG-002056,CUST-0069,2026-04-05,Marketplace,60,100
USG-002057,CUST-0100,2026-08-23,Vendor Management,73,87
USG-002058,CUST-0069,2026-05-08,Employee Offboarding,59,52
USG-002059,CUST-0069,2026-07-04,Marketplace,43,26
USG-002060,CUST-0093,2026-03-03,Asset Audit,48,73
USG-002061,CUST-0121,2026-08-08,Employee Offboarding,51,50
USG-002062,CUST-0129,2026-04-08,Marketplace,9,56
USG-002063,CUST-0054,2026-08-20,Employee Offboarding,17,11
USG-002064,CUST-0046,2026-03-29,Employee Offboarding,48,3
USG-002065,CUST-0138,2026-06-28,Device Fleet,74,43
USG-002066,CUST-0079,2026-05-11,Device Fleet,44,24
USG-002067,CUST-0103,2026-06-02,Orders,42,101
USG-002068,CUST-0096,2026-05-28,Asset Audit,51,39
USG-002069,CUST-0115,2026-02-16,Device Fleet,31,2
USG-002070,CUST-0117,2026-08-11,Employee Offboarding,18,31
USG-002071,CUST-0095,2026-07-18,Vendor Management,76,16
USG-002072,CUST-0069,2026-02-16,Asset Audit,16,120
USG-002073,CUST-0074,2026-01-14,Vendor Management,34,84
USG-002074,CUST-0140,2026-05-30,Orders,32,102
USG-002075,CUST-0041,2026-08-29,Asset Audit,15,39
USG-002076,CUST-0082,2026-08-15,Employee Offboarding,28,92
USG-002077,CUST-0015,2026-04-26,IT Support,53,29
USG-002078,CUST-0118,2026-02-27,Device Fleet,3,4
USG-002079,CUST-0137,2026-06-15,Vendor Management,16,64
USG-002080,CUST-0136,2026-07-30,Employee Offboarding,22,19
USG-002081,CUST-0031,2026-01-21,Employee Offboarding,71,58
USG-002082,CUST-0024,2026-08-23,IT Support,36,41
USG-002083,CUST-0041,2026-02-23,Employee Offboarding,36,95
USG-002084,CUST-0046,2026-04-21,IT Support,59,34
USG-002085,CUST-0069,2026-08-05,Vendor Management,64,7
USG-002086,CUST-0029,2026-05-08,Orders,21,112
USG-002087,CUST-0007,2026-06-27,IT Support,53,102
USG-002088,CUST-0088,2026-08-13,Vendor Management,19,29
USG-002089,CUST-0114,2026-04-29,Asset Audit,17,74
USG-002090,CUST-0111,2026-04-13,Vendor Management,42,53
USG-002091,CUST-0049,2026-02-19,Asset Audit,1,15
USG-002092,CUST-0072,2026-08-22,Device Fleet,6,119
USG-002093,CUST-0092,2026-07-28,Orders,57,120
USG-002094,CUST-0138,2026-01-17,Device Fleet,48,42
USG-002095,CUST-0133,2026-06-18,Device Fleet,5,4
USG-002096,CUST-0039,2026-05-04,Marketplace,23,94
USG-002097,CUST-0033,2026-01-17,Employee Offboarding,24,41
USG-002098,CUST-0119,2026-06-19,Marketplace,25,16
USG-002099,CUST-0109,2026-01-07,IT Support,39,30
USG-002100,CUST-9999,2026-06-27,Marketplace,16,99
USG-002101,CUST-0056,2026-07-15,Asset Audit,68,104
USG-002102,CUST-0023,2026-05-07,Orders,5,26
USG-002103,CUST-0032,2026-02-20,Asset Audit,80,45
USG-002104,CUST-0090,2026-07-01,Orders,67,100
USG-002105,CUST-0101,2026-02-15,Vendor Management,4,77
USG-002106,CUST-0048,2026-05-28,Vendor Management,63,101
USG-002107,CUST-0064,2026-03-30,Orders,48,79
USG-002108,CUST-0091,2026-07-31,Marketplace,28,117
USG-002109,CUST-0061,2026-02-07,Orders,20,82
USG-002110,CUST-0114,2026-02-28,Vendor Management,79,25
USG-002111,CUST-0134,2026-06-04,IT Support,23,1
USG-002112,CUST-0074,2026-04-04,Marketplace,61,89
USG-002113,CUST-0057,2026-07-20,Employee Offboarding,29,17
USG-002114,CUST-0059,2026-04-19,Asset Audit,12,65
USG-002115,CUST-0090,2026-01-09,Asset Audit,51,12
USG-002116,CUST-0013,2026-05-22,Asset Audit,6,66
USG-002117,CUST-0048,2026-04-10,IT Support,64,101
USG-002118,CUST-0031,2026-07-15,IT Support,21,107
USG-002119,CUST-0052,2026-04-08,Device Fleet,13,2
USG-002120,CUST-0126,2026-02-01,Orders,51,13
USG-002121,CUST-0091,2026-06-15,Marketplace,71,29
USG-002122,CUST-0143,2026-06-23,IT Support,24,91
USG-002123,CUST-0023,2026-08-08,Asset Audit,56,119
USG-002124,CUST-0068,2026-05-17,Marketplace,34,100
USG-002125,CUST-0104,2026-05-03,Orders,42,57
USG-002126,CUST-0068,2026-02-03,Orders,27,28
USG-002127,CUST-0040,2026-02-06,Orders,66,3
USG-002128,CUST-0028,2026-07-13,IT Support,38,33
USG-002129,CUST-0040,2026-03-30,IT Support,73,20
USG-002130,CUST-0048,2026-02-15,Vendor Management,46,52
USG-002131,CUST-0015,2026-04-07,Orders,80,44
USG-002132,CUST-0055,2026-04-06,Vendor Management,7,116
USG-002133,CUST-0100,2026-03-04,Marketplace,62,111
USG-002134,CUST-0063,2026-01-18,Marketplace,15,69
USG-002135,CUST-0015,2026-03-11,Asset Audit,63,36
USG-002136,CUST-0027,2026-07-31,Orders,1,63
USG-002137,CUST-0081,2026-02-28,Marketplace,72,40
USG-002138,CUST-0032,2026-06-17,IT Support,42,20
USG-002139,CUST-0004,2026-08-16,Vendor Management,10,29
USG-002140,CUST-0099,2026-02-14,Asset Audit,8,66
USG-002141,CUST-0074,2026-06-19,Asset Audit,30,74
USG-002142,CUST-0122,2026-06-18,Employee Offboarding,50,9
USG-002143,CUST-0081,2026-07-07,Employee Offboarding,61,6
USG-002144,CUST-0093,2026-03-23,Employee Offboarding,73,10
USG-002145,CUST-0045,2026-08-28,Vendor Management,9,48
USG-002146,CUST-0023,2026-04-20,Vendor Management,35,10
USG-002147,CUST-0020,2026-05-25,Marketplace,44,43
USG-002148,CUST-0110,2026-03-11,Device Fleet,73,120
USG-002149,CUST-0024,2026-05-28,Vendor Management,49,76
USG-002150,CUST-0055,2026-06-01,Employee Offboarding,58,71
USG-002151,CUST-0128,2026-04-02,Marketplace,24,8
USG-002152,CUST-0123,2026-07-25,Device Fleet,18,3
USG-002153,CUST-0065,2026-02-13,Asset Audit,21,86
USG-002154,CUST-0004,2026-01-19,IT Support,64,13
USG-002155,CUST-0035,2026-07-06,Vendor Management,12,20
USG-002156,CUST-0079,2026-01-19,Orders,74,32
USG-002157,CUST-0111,2026-08-20,IT Support,52,60
USG-002158,CUST-0137,2026-05-26,Vendor Management,59,52
USG-002159,CUST-0010,2026-05-25,IT Support,61,28
USG-002160,CUST-0019,2026-02-12,Asset Audit,63,115
USG-002161,CUST-0124,2026-03-01,Device Fleet,78,99
USG-002162,CUST-0048,2026-02-03,Asset Audit,50,87
USG-002163,CUST-0008,2026-04-28,Employee Offboarding,74,68
USG-002164,CUST-0137,2026-06-09,Asset Audit,70,54
USG-002165,CUST-0091,2026-03-02,Marketplace,27,81
USG-002166,CUST-9999,2026-08-19,Vendor Management,40,26
USG-002167,CUST-0030,2026-06-04,Device Fleet,49,43
USG-002168,CUST-0080,2026-02-18,Device Fleet,66,87
USG-002169,CUST-9999,2026-06-13,Employee Offboarding,24,30
USG-002170,CUST-0032,2026-02-07,Device Fleet,21,16
USG-002171,CUST-0018,2026-04-01,Marketplace,4,100
USG-002172,CUST-0090,2026-05-05,Marketplace,49,35
USG-002173,CUST-0073,2026-05-25,Vendor Management,59,103
USG-002174,CUST-0073,2026-05-03,Device Fleet,7,1
USG-002175,CUST-0036,2026-04-18,IT Support,60,51
USG-002176,CUST-0079,2026-03-21,IT Support,56,64
USG-002177,CUST-0103,2026-03-18,IT Support,58,76
USG-002178,CUST-0116,2026-08-25,Employee Offboarding,12,54
USG-002179,CUST-0052,2026-04-09,Employee Offboarding,55,89
USG-002180,CUST-0009,2026-03-07,Marketplace,43,5
USG-002181,CUST-0006,2026-04-15,Orders,46,41
USG-002182,CUST-0057,2026-05-01,Orders,5,76
USG-002183,CUST-0099,2026-03-11,IT Support,55,79
USG-002184,CUST-0048,2026-04-29,Asset Audit,11,15
USG-002185,CUST-0145,2026-06-16,Employee Offboarding,18,73
USG-002186,CUST-0098,2026-02-27,Employee Offboarding,27,7
USG-002187,CUST-0095,2026-06-01,Asset Audit,2,23
USG-002188,CUST-0095,2026-03-31,Device Fleet,21,68
USG-002189,CUST-0042,2026-04-29,Asset Audit,27,55
USG-002190,CUST-0077,2026-03-02,Device Fleet,41,79
USG-002191,CUST-0075,2026-08-23,IT Support,80,109
USG-002192,CUST-0144,2026-08-04,IT Support,43,79
USG-002193,CUST-0101,2026-03-31,Employee Offboarding,53,85
USG-002194,CUST-0112,2026-03-05,Employee Offboarding,43,97
USG-002195,CUST-0068,2026-08-12,Employee Offboarding,29,40
USG-002196,CUST-0066,2026-07-21,Device Fleet,40,79
USG-002197,CUST-0032,2026-04-12,IT Support,78,76
USG-002198,CUST-0063,2026-07-12,IT Support,32,107
USG-002199,CUST-0067,2026-03-12,IT Support,58,37
USG-002200,CUST-0058,2026-05-28,Employee Offboarding,53,34
USG-002201,CUST-0005,2026-05-15,Marketplace,72,22
USG-002202,CUST-0038,2026-02-27,Device Fleet,76,43
USG-002203,CUST-0129,2026-04-18,Orders,78,93
USG-002204,CUST-0123,2026-07-05,Orders,74,86
USG-002205,CUST-0137,2026-06-14,Marketplace,67,75
USG-002206,CUST-0070,2026-01-26,Orders,21,14
USG-002207,CUST-0003,2026-08-17,Marketplace,74,58
USG-002208,CUST-0034,2026-01-16,Vendor Management,23,15
USG-002209,CUST-0123,2026-07-14,Device Fleet,62,42
USG-002210,CUST-0078,2026-08-19,Marketplace,67,45
USG-002211,CUST-0050,2026-03-15,Vendor Management,53,48
USG-002212,CUST-0087,2026-05-01,Marketplace,75,17
USG-002213,CUST-0033,2026-01-10,Orders,2,6
USG-002214,CUST-0078,2026-03-13,IT Support,56,109
USG-002215,CUST-0078,2026-04-08,Device Fleet,19,93
USG-002216,CUST-0058,2026-05-26,Device Fleet,4,19
USG-002217,CUST-0092,2026-01-28,Orders,15,27
USG-002218,CUST-0119,2026-03-27,Marketplace,51,111
USG-002219,CUST-0092,2026-05-16,Vendor Management,77,51
USG-002220,CUST-0049,2026-03-26,IT Support,44,81
USG-002221,CUST-0121,2026-01-01,IT Support,56,104
USG-002222,CUST-0021,2026-08-25,IT Support,79,28
USG-002223,CUST-0018,2026-03-08,Vendor Management,47,71
USG-002224,CUST-0077,2026-02-18,Employee Offboarding,42,51
USG-002225,CUST-0100,2026-02-26,Device Fleet,10,29
USG-002226,CUST-0139,2026-05-21,Employee Offboarding,7,114
USG-002227,CUST-0053,2026-03-17,Orders,25,107
USG-002228,CUST-0105,2026-02-10,Vendor Management,18,5
USG-002229,CUST-0064,2026-02-19,Employee Offboarding,59,38
USG-002230,CUST-0047,2026-03-09,Asset Audit,27,84
USG-002231,CUST-0028,2026-01-05,Employee Offboarding,30,85
USG-002232,CUST-0116,2026-07-02,IT Support,54,65
USG-002233,CUST-0102,2026-07-20,Marketplace,70,107
USG-002234,CUST-0008,2026-01-09,IT Support,41,91
USG-002235,CUST-0037,2026-05-26,Marketplace,36,49
USG-002236,CUST-9999,2026-01-13,Orders,12,83
USG-002237,CUST-0125,2026-04-23,Employee Offboarding,9,60
USG-002238,CUST-0068,2026-02-18,Device Fleet,39,27
USG-002239,CUST-0082,2026-01-15,Orders,30,69
USG-002240,CUST-0094,2026-08-31,Device Fleet,21,21
USG-002241,CUST-0144,2026-06-06,Employee Offboarding,55,51
USG-002242,CUST-0087,2026-02-16,Asset Audit,44,94
USG-002243,CUST-0041,2026-02-20,Orders,18,67
USG-002244,CUST-0040,2026-06-09,Marketplace,30,2
USG-002245,CUST-0035,2026-01-05,Orders,43,52
USG-002246,CUST-9999,2026-01-28,Orders,27,113
USG-002247,CUST-0003,2026-02-28,Device Fleet,29,26
USG-002248,CUST-0065,2026-04-15,Asset Audit,57,9
USG-002249,CUST-0032,2026-06-21,Asset Audit,59,47
USG-002250,CUST-0003,2026-04-23,Marketplace,55,19
USG-002251,CUST-0123,2026-06-06,IT Support,45,97
USG-002252,CUST-0081,2026-03-05,Vendor Management,8,23
USG-002253,CUST-0072,2026-06-14,Employee Offboarding,27,8
USG-002254,CUST-0021,2026-08-30,Orders,30,95
USG-002255,CUST-9999,2026-05-23,Marketplace,34,105
USG-002256,CUST-0125,2026-02-13,Orders,4,28
USG-002257,CUST-0070,2026-07-03,Marketplace,17,6
USG-002258,CUST-0033,2026-05-19,Employee Offboarding,59,9
USG-002259,CUST-9999,2026-07-27,Vendor Management,3,12
USG-002260,CUST-0117,2026-07-03,Orders,21,85
USG-002261,CUST-0034,2026-03-16,Device Fleet,48,8
USG-002262,CUST-0113,2026-07-28,Vendor Management,53,118
USG-002263,CUST-0067,2026-06-19,IT Support,60,94
USG-002264,CUST-0027,2026-08-01,Asset Audit,64,42
USG-002265,CUST-0067,2026-04-16,Device Fleet,80,101
USG-002266,CUST-0047,2026-08-25,Employee Offboarding,7,50
USG-002267,CUST-0093,2026-06-13,IT Support,30,69
USG-002268,CUST-0113,2026-02-09,Marketplace,61,81
USG-002269,CUST-0038,2026-03-28,IT Support,9,24
USG-002270,CUST-0040,2026-03-23,IT Support,6,103
USG-002271,CUST-9999,2026-07-20,Vendor Management,44,50
USG-002272,CUST-0101,2026-07-14,IT Support,37,92
USG-002273,CUST-0066,2026-08-23,IT Support,19,32
USG-002274,CUST-0125,2026-03-05,Vendor Management,25,58
USG-002275,CUST-9999,2026-07-16,Device Fleet,24,13
USG-002276,CUST-0034,2026-01-22,Device Fleet,7,16
USG-002277,CUST-0136,2026-04-28,IT Support,6,31
USG-002278,CUST-0089,2026-06-26,IT Support,54,104
USG-002279,CUST-0013,2026-06-21,Device Fleet,59,110
USG-002280,CUST-0013,2026-08-09,Marketplace,63,38
USG-002281,CUST-0010,2026-07-24,Vendor Management,29,77
USG-002282,CUST-0039,2026-04-01,Device Fleet,76,80
USG-002283,CUST-0065,2026-06-27,Employee Offboarding,23,77
USG-002284,CUST-0082,2026-07-08,Marketplace,15,64
USG-002285,CUST-0027,2026-02-14,Orders,19,116
USG-002286,CUST-0127,2026-08-31,Asset Audit,33,32
USG-002287,CUST-0057,2026-05-23,Asset Audit,24,21
USG-002288,CUST-0006,2026-04-03,Marketplace,38,20
USG-002289,CUST-0037,2026-01-29,Asset Audit,23,49
USG-002290,CUST-0083,2026-06-25,Marketplace,34,76
USG-002291,CUST-0098,2026-08-06,Orders,25,95
USG-002292,CUST-0001,2026-06-27,IT Support,26,26
USG-002293,CUST-0075,2026-03-17,Employee Offboarding,57,113
USG-002294,CUST-0005,2026-03-20,IT Support,67,64
USG-002295,CUST-0131,2026-06-03,IT Support,43,2
USG-002296,CUST-0070,2026-04-29,Device Fleet,22,2
USG-002297,CUST-0096,2026-06-07,Vendor Management,49,99
USG-002298,CUST-0130,2026-06-25,Employee Offboarding,10,79
USG-002299,CUST-0081,2026-02-18,Marketplace,58,64
USG-002300,CUST-0066,2026-06-09,Vendor Management,24,51
USG-002301,CUST-0110,2026-06-12,Vendor Management,27,21
USG-002302,CUST-0082,2026-04-17,Orders,35,24
USG-002303,CUST-0116,2026-08-24,Asset Audit,61,41
USG-002304,CUST-0044,2026-02-10,Employee Offboarding,73,20
USG-002305,CUST-0005,2026-04-18,Device Fleet,52,45
USG-002306,CUST-0139,2026-01-22,Orders,78,18
USG-002307,CUST-0008,2026-06-17,Employee Offboarding,74,93
USG-002308,CUST-0041,2026-02-08,IT Support,37,15
USG-002309,CUST-0019,2026-03-24,Marketplace,53,28
USG-002310,CUST-0011,2026-02-08,IT Support,41,41
USG-002311,CUST-9999,2026-04-13,Orders,56,32
USG-002312,CUST-0119,2026-06-21,Vendor Management,20,83
USG-002313,CUST-0105,2026-02-14,Marketplace,80,93
USG-002314,CUST-0076,2026-06-20,Marketplace,24,6
USG-002315,CUST-0111,2026-04-07,Device Fleet,43,85
USG-002316,CUST-0067,2026-06-09,IT Support,4,83
USG-002317,CUST-0142,2026-03-28,Device Fleet,25,27
USG-002318,CUST-0028,2026-02-27,Vendor Management,69,98
USG-002319,CUST-0011,2026-01-12,Employee Offboarding,74,69
USG-002320,CUST-0058,2026-06-30,Marketplace,21,9
USG-002321,CUST-0022,2026-02-15,Marketplace,20,13
USG-002322,CUST-0045,2026-07-20,Device Fleet,48,96
USG-002323,CUST-0076,2026-05-11,Vendor Management,15,92
USG-002324,CUST-0096,2026-05-18,Orders,56,70
USG-002325,CUST-0107,2026-05-18,Asset Audit,52,39
USG-002326,CUST-0003,2026-01-27,Marketplace,75,15
USG-002327,CUST-0136,2026-03-25,Employee Offboarding,72,69
USG-002328,CUST-0015,2026-04-10,Employee Offboarding,40,97
USG-002329,CUST-0035,2026-08-03,Marketplace,1,6
USG-002330,CUST-0100,2026-02-15,IT Support,65,118
USG-002331,CUST-0128,2026-04-24,Vendor Management,68,62
USG-002332,CUST-0063,2026-08-01,Employee Offboarding,67,42
USG-002333,CUST-0100,2026-06-13,Asset Audit,37,112
USG-002334,CUST-0103,2026-07-11,Employee Offboarding,16,77
USG-002335,CUST-0112,2026-07-05,Orders,28,38
USG-002336,CUST-0047,2026-01-29,IT Support,19,92
USG-002337,CUST-0112,2026-07-27,Orders,23,10
USG-002338,CUST-0050,2026-02-16,Device Fleet,40,89
USG-002339,CUST-0017,2026-01-12,Employee Offboarding,21,79
USG-002340,CUST-0065,2026-05-17,Orders,15,37
USG-002341,CUST-0125,2026-08-29,IT Support,73,99
USG-002342,CUST-0029,2026-01-24,Asset Audit,79,58
USG-002343,CUST-0040,2026-07-31,Marketplace,53,76
USG-002344,CUST-0072,2026-05-28,Vendor Management,68,13
USG-002345,CUST-0042,2026-05-12,Vendor Management,26,15
USG-002346,CUST-0141,2026-01-06,Device Fleet,29,113
USG-002347,CUST-0111,2026-04-19,Asset Audit,3,95
USG-002348,CUST-0044,2026-06-30,Device Fleet,8,1
USG-002349,CUST-0090,2026-08-28,Orders,21,70
USG-002350,CUST-0087,2026-02-19,IT Support,51,25
USG-002351,CUST-0025,2026-01-01,Employee Offboarding,6,42
USG-002352,CUST-0046,2026-03-11,Orders,68,116
USG-002353,CUST-0061,2026-05-21,Vendor Management,1,120
USG-002354,CUST-0091,2026-05-22,Vendor Management,21,119
USG-002355,CUST-0107,2026-08-04,Marketplace,79,22
USG-002356,CUST-0145,2026-07-16,IT Support,8,8
USG-002357,CUST-0116,2026-04-12,IT Support,56,21
USG-002358,CUST-0118,2026-07-13,Asset Audit,32,110
USG-002359,CUST-0059,2026-02-15,Marketplace,72,114
USG-002360,CUST-0053,2026-08-14,Marketplace,65,79
USG-002361,CUST-0099,2026-06-22,Marketplace,27,28
USG-002362,CUST-0124,2026-04-15,Vendor Management,11,65
USG-002363,CUST-0087,2026-06-12,Device Fleet,70,117
USG-002364,CUST-0104,2026-02-15,Asset Audit,59,14
USG-002365,CUST-0064,2026-04-22,IT Support,40,100
USG-002366,CUST-0028,2026-01-01,Device Fleet,25,20
USG-002367,CUST-0130,2026-07-22,Orders,26,116
USG-002368,CUST-0058,2026-07-03,IT Support,20,13
USG-002369,CUST-0139,2026-08-06,IT Support,29,45
USG-002370,CUST-0048,2026-04-29,Vendor Management,77,94
USG-002371,CUST-0017,2026-05-16,Asset Audit,42,91
USG-002372,CUST-0006,2026-04-14,Asset Audit,64,50
USG-002373,CUST-0025,2026-06-16,Device Fleet,55,97
USG-002374,CUST-0095,2026-07-31,IT Support,22,1
USG-002375,CUST-0138,2026-05-14,Device Fleet,35,32
USG-002376,CUST-0020,2026-06-09,Orders,60,78
USG-002377,CUST-0114,2026-09-02,Asset Audit,15,59
USG-002378,CUST-0129,2026-06-27,Device Fleet,46,76
USG-002379,CUST-0108,2026-05-29,Marketplace,69,83
USG-002380,CUST-0064,2026-05-19,Vendor Management,39,45
USG-002381,CUST-0128,2026-02-15,Vendor Management,3,92
USG-002382,CUST-0039,2026-06-29,Asset Audit,49,48
USG-002383,CUST-0103,2026-05-17,Asset Audit,22,79
USG-002384,CUST-0091,2026-05-28,Marketplace,13,18
USG-002385,CUST-0083,2026-04-25,Orders,40,79
USG-002386,CUST-0130,2026-06-01,IT Support,21,44
USG-002387,CUST-0084,2026-02-27,IT Support,35,86
USG-002388,CUST-0112,2026-06-10,Vendor Management,2,98
USG-002389,CUST-0114,2026-07-08,Employee Offboarding,18,75
USG-002390,CUST-0006,2026-04-24,Employee Offboarding,61,19
USG-002391,CUST-0106,2026-04-19,IT Support,39,9
USG-002392,CUST-0113,2026-05-27,IT Support,51,63
USG-002393,CUST-0006,2026-05-24,Device Fleet,71,101
USG-002394,CUST-0118,2026-03-20,Vendor Management,64,33
USG-002395,CUST-0144,2026-04-01,Vendor Management,80,109
USG-002396,CUST-9999,2026-03-14,Asset Audit,36,10
USG-002397,CUST-0131,2026-02-19,Marketplace,78,103
USG-002398,CUST-0130,2026-08-05,Employee Offboarding,15,53
USG-002399,CUST-0119,2026-03-04,Employee Offboarding,59,67
USG-002400,CUST-0088,2026-02-22,Asset Audit,75,69
USG-002401,CUST-0137,2026-01-28,Asset Audit,38,100
USG-002402,CUST-9999,2026-05-17,Device Fleet,34,38
USG-002403,CUST-0081,2026-01-03,Marketplace,78,22
USG-002404,CUST-0132,2026-07-26,Asset Audit,2,42
USG-002405,CUST-0044,2026-01-31,Marketplace,5,21
USG-002406,CUST-0103,2026-02-05,Asset Audit,6,51
USG-002407,CUST-0103,2026-03-16,IT Support,78,116
USG-002408,CUST-0016,2026-01-05,Marketplace,70,23
USG-002409,CUST-0070,2026-05-17,Marketplace,33,46
USG-002410,CUST-0134,2026-01-27,Marketplace,29,1
USG-002411,CUST-0143,2026-08-13,IT Support,74,72
USG-002412,CUST-0049,2026-08-12,Vendor Management,6,43
USG-002413,CUST-0124,2026-03-20,Vendor Management,70,71
USG-002414,CUST-0061,2026-06-08,IT Support,61,34
USG-002415,CUST-0028,2026-05-22,Employee Offboarding,54,111
USG-002416,CUST-0061,2026-01-04,Orders,58,101
USG-002417,CUST-0095,2026-08-23,Device Fleet,7,1
USG-002418,CUST-0055,2026-01-12,Vendor Management,45,93
USG-002419,CUST-0100,2026-07-14,Vendor Management,52,14
USG-002420,CUST-0092,2026-06-15,Orders,3,117
USG-002421,CUST-0092,2026-04-10,Employee Offboarding,13,72
USG-002422,CUST-0067,2026-07-16,IT Support,25,106
USG-002423,CUST-0113,2026-05-19,Vendor Management,38,56
USG-002424,CUST-0115,2026-05-26,Device Fleet,65,98
USG-002425,CUST-0123,2026-08-22,Vendor Management,3,84
USG-002426,CUST-0031,2026-05-16,Asset Audit,21,54
USG-002427,CUST-0009,2026-01-08,Device Fleet,27,55
USG-002428,CUST-0096,2026-08-16,Vendor Management,16,7
USG-002429,CUST-0060,2026-03-11,Employee Offboarding,39,33
USG-002430,CUST-0034,2026-06-03,IT Support,6,51
USG-002431,CUST-0124,2026-03-12,Vendor Management,44,55
USG-002432,CUST-0144,2026-08-20,Asset Audit,48,22
USG-002433,CUST-0078,2026-08-29,Device Fleet,49,19
USG-002434,CUST-0033,2026-01-30,Employee Offboarding,45,79
USG-002435,CUST-0112,2026-08-12,Asset Audit,18,41
USG-002436,CUST-0109,2026-07-16,Orders,24,110
USG-002437,CUST-0047,2026-02-01,IT Support,2,43
USG-002438,CUST-0061,2026-02-25,Vendor Management,38,57
USG-002439,CUST-0008,2026-03-08,Asset Audit,40,62
USG-002440,CUST-0100,2026-03-19,IT Support,37,88
USG-002441,CUST-0084,2026-04-06,IT Support,29,77
USG-002442,CUST-0112,2026-03-25,Orders,13,109
USG-002443,CUST-0060,2026-05-17,Orders,41,1
USG-002444,CUST-0126,2026-08-01,Device Fleet,18,37
USG-002445,CUST-0086,2026-07-06,Employee Offboarding,28,14
USG-002446,CUST-0043,2026-06-29,Marketplace,77,8
USG-002447,CUST-0001,2026-07-09,Orders,51,17
USG-002448,CUST-0048,2026-08-31,Device Fleet,9,119
USG-002449,CUST-0121,2026-03-02,Marketplace,19,82
USG-002450,CUST-0119,2026-05-07,Orders,55,99
USG-002451,CUST-0070,2026-05-18,Vendor Management,70,94
USG-002452,CUST-0064,2026-06-08,Employee Offboarding,72,42
USG-002453,CUST-0083,2026-05-22,Employee Offboarding,22,24
USG-002454,CUST-9999,2026-06-21,Employee Offboarding,22,88
USG-002455,CUST-0089,2026-02-05,Vendor Management,41,13
USG-002456,CUST-0104,2026-01-30,IT Support,42,63
USG-002457,CUST-0095,2026-06-07,Device Fleet,58,9
USG-002458,CUST-0015,2026-03-28,Device Fleet,68,110
USG-002459,CUST-0013,2026-04-03,Employee Offboarding,77,12
USG-002460,CUST-0067,2026-04-25,Asset Audit,40,35
USG-002461,CUST-0121,2026-02-28,Marketplace,47,82
USG-002462,CUST-0055,2026-04-02,Marketplace,19,39
USG-002463,CUST-0113,2026-08-12,IT Support,38,15
USG-002464,CUST-0119,2026-01-31,Employee Offboarding,75,39
USG-002465,CUST-9999,2026-04-28,Orders,34,38
USG-002466,CUST-0053,2026-01-10,Employee Offboarding,30,63
USG-002467,CUST-0131,2026-05-17,Device Fleet,29,25
USG-002468,CUST-0032,2026-05-16,Orders,54,11
USG-002469,CUST-0018,2026-06-26,Orders,31,106
USG-002470,CUST-0134,2026-08-24,IT Support,24,55
USG-002471,CUST-0010,2026-05-12,Asset Audit,65,69
USG-002472,CUST-0045,2026-07-27,IT Support,9,46
USG-002473,CUST-0045,2026-05-03,IT Support,61,26
USG-002474,CUST-0003,2026-03-15,Marketplace,72,56
USG-002475,CUST-0048,2026-03-22,Vendor Management,9,41
USG-002476,CUST-0047,2026-02-01,Asset Audit,40,53
USG-002477,CUST-0084,2026-08-01,Vendor Management,28,119
USG-002478,CUST-0084,2026-07-06,Orders,62,104
USG-002479,CUST-0132,2026-01-13,Device Fleet,66,73
USG-002480,CUST-0028,2026-04-02,Asset Audit,62,25
USG-002481,CUST-0075,2026-03-13,Marketplace,49,64
USG-002482,CUST-0023,2026-07-08,Asset Audit,57,96
USG-002483,CUST-0097,2026-08-27,Orders,76,104
USG-002484,CUST-0102,2026-05-31,Device Fleet,40,29
USG-002485,CUST-0054,2026-07-28,Asset Audit,18,76
USG-002486,CUST-9999,2026-03-07,Asset Audit,56,34
USG-002487,CUST-0088,2026-01-14,IT Support,76,74
USG-002488,CUST-9999,2026-07-22,Device Fleet,5,15
USG-002489,CUST-0013,2026-05-17,IT Support,71,44
USG-002490,CUST-0123,2026-02-28,IT Support,3,69
USG-002491,CUST-0060,2026-08-02,Vendor Management,44,21
USG-002492,CUST-0025,2026-06-30,Device Fleet,70,77
USG-002493,CUST-0105,2026-06-19,IT Support,38,116
USG-002494,CUST-0074,2026-02-13,Vendor Management,38,50
USG-002495,CUST-0071,2026-07-08,IT Support,67,39
USG-002496,CUST-0118,2026-05-30,Employee Offboarding,57,22
USG-002497,CUST-0144,2026-08-22,Employee Offboarding,63,43
USG-002498,CUST-9999,2026-03-31,Marketplace,67,17
USG-002499,CUST-0133,2026-07-09,Device Fleet,76,7
USG-002500,CUST-0046,2026-02-06,Device Fleet,57,96
